permalink,telep,orsz_fidesz_pc,orsz_lmp_pc,orsz_mszp_pc,orsz_dk_pc,orsz_jobbik_pc,orsz_momentum_pc,orsz_egyutt_pc,orsz_mkkp_pc,orsz_egyeb_pc,jobbik_2019_perc,fidesz_2019_perc,momentum_2019_perc,mi_hazank_2019_perc,mszp_2019_perc,lmp_2019_perc,dk_2019_perc,munkaspart_2019_perc,mkkp_2019_perc,Győztes,Győztes color,Győztes %,Második,Második color,Második %,Harmadik,Harmadik color,Harmadik %,Maradék %,Maradék color,Győztes 2019,Győztes color 2019,Győztes % 2019,Második 2019,Második color 2019,Második % 2019,Harmadik 2019,Harmadik color 2019,Harmadik % 2019,Maradék % 2019,Maradék color 2019
abony,Abony,0.566573034,0.050140449,0.075842697,0.046348315,0.217134831,0.016713483,0.002949438,0.011938202,0.012359551,0.065183652,0.596740817,0.056906363,0.052250388,0.040869115,0.017330574,0.146663218,0.005690636,0.018365235,Független,#E5A3AD,0.530201342,Fidesz-KDNP,#FFA500,0.405145414,JOBBIK,#A8A8A8,0.064653244,0,#FFCAD2,Fidesz-KDNP,#FFA500,0.550548165,VFE,#F2A175,0.400638468,Független,#E5A3AD,0.048813367,0,#FFCAD2
ajka,Ajka,0.456628788,0.058838384,0.16584596,0.060732323,0.205113636,0.022159091,0.003914141,0.017361111,0.009406566,0.067810212,0.474671482,0.072926071,0.037716922,0.101414385,0.018256595,0.200722239,0.003209951,0.023272144,MSZP,#FF3232,0.50762134,Fidesz-KDNP,#FFA500,0.426995588,JOBBIK,#A8A8A8,0.065383073,0,#FFCAD2,Közösen Ajkáért Egyesület,#AAF624,0.582444147,Fidesz-KDNP,#FFA500,0.417555853,N/A,#FFFFFF,0,0,#FFCAD2
albertirsa,Albertirsa,0.487542295,0.058904952,0.13811135,0.043832667,0.20793602,0.028452784,0.004460166,0.01707167,0.013688096,0.061497326,0.530213904,0.090106952,0.031550802,0.065508021,0.024064171,0.162834225,0.003208556,0.031016043,TEAM VÁLASZTÁSI SZÖV,#F2A175,0.539881657,FIDESZ,#FFA500,0.221775148,Független,#E5A3AD,0.093491124,0.144852071,#FFCAD2,Független,#E5A3AD,0.639006846,Fidesz-KDNP,#FFA500,0.276968028,CÉL-TVNE,#F2A175,0.084025126,0,#FFCAD2
baja,Baja,0.473916682,0.085270597,0.128045378,0.05500279,0.183373628,0.042402827,0.006695183,0.014738702,0.010554212,0.044994111,0.522104437,0.115429918,0.029210836,0.058264625,0.020730271,0.182410679,0.004318806,0.022536317,Fidesz-KDNP,#FFA500,0.502045087,Sikeres Bajáért,#F2A175,0.385142205,JOBBIK,#A8A8A8,0.112812708,0,#FFCAD2,Fidesz-KDNP,#FFA500,0.600622348,Sikeres Bajáért,#F2A175,0.377175349,Független,#E5A3AD,0.022202303,0,#FFCAD2
balassagyarmat,Balassagyarmat,0.403769482,0.07883291,0.143439652,0.055545487,0.246013048,0.034523378,0.005436752,0.018575571,0.013863719,0.056809905,0.466496723,0.079206118,0.053896577,0.084850692,0.018572469,0.208485069,0.015112891,0.016569556,Fidesz-KDNP,#FFA500,0.557840083,MSZP,#FF3232,0.221391485,JOBBIK,#A8A8A8,0.128764278,0.092004154,#FFCAD2,Fidesz-KDNP,#FFA500,0.552930385,SZAB,#F2A175,0.447069615,N/A,#FFFFFF,0,0,#FFCAD2
balatonfured,Balatonfüred,0.457259287,0.091925701,0.117892343,0.060841547,0.185841547,0.045204701,0.007771039,0.025871873,0.007391964,0.046643718,0.532358003,0.113425129,0.026678141,0.060240964,0.022203098,0.165920826,0.002409639,0.030120482,Fidesz-KDNP,#FFA500,0.830126582,MSZP-DK-EGYÜTT-PM,#FF3232,0.169873418,N/A,#FFFFFF,0,0,#FFCAD2,Fidesz-KDNP,#FFA500,1,N/A,#FFFFFF,0,N/A,#FFFFFF,0,0,#FFCAD2
balmazujvaros,Balmazújváros,0.501140511,0.046646898,0.09682938,0.028740876,0.281364051,0.010834854,0.003877737,0.011062956,0.019502737,0.10613897,0.55318192,0.064537891,0.039577243,0.056667416,0.018889139,0.133348325,0.007195862,0.020463234,Dr. Veres Margit,#E5A3AD,0.678,Dr. Cs.Tóth János,#E5A3AD,0.1511,Béke Lajos,#E5A3AD,0.1269,0.044,#FFCAD2,Fidesz-KDNP,#FFA500,0.529251841,Független,#E5A3AD,0.470748159,N/A,#FFFFFF,0,0,#FFCAD2
barcs,Barcs,0.419749652,0.054659249,0.094019471,0.068845619,0.312100139,0.027260083,0.004311544,0.013212796,0.005841446,0.149096386,0.498192771,0.048795181,0.019277108,0.053614458,0.014156627,0.195481928,0.005120482,0.01626506,Fidesz-KDNP,#FFA500,0.368955383,JOBBIK,#A8A8A8,0.288805771,MSZP-DK-EGYÜTT-PM,#FF3232,0.228960727,0.113278119,#FFCAD2,Fidesz-KDNP,#FFA500,0.474578365,BÉKE EGYESÜLET-JOBBIK-DSE-MMM-LMP-MOMENTUM,#1D52E2,0.358857271,MSZP,#FF3232,0.166564364,0,#FFCAD2
batonyterenye,Bátonyterenye,0.448406178,0.050936576,0.146894512,0.071639829,0.244331252,0.007886954,0.003450542,0.008215577,0.01823858,0.079395604,0.520054945,0.040659341,0.039010989,0.084615385,0.013736264,0.2,0.006043956,0.016483516,Fidesz-KDNP,#FFA500,0.377264583,DK-EURÓPAI-BALOLDAL-MSZP,#0000CE,0.310372287,JOBBIK,#A8A8A8,0.17579136,0.13657177,#FFCAD2,Fidesz-KDNP,#FFA500,0.454818946,JOBBIK-DK-MOMENTUM-LMP-MMM,#1D52E2,0.411169221,Európai Baloldal - Bátonyterenyei Polgárokért Egyesület,#F2A175,0.134011834,0,#FFCAD2
bekes,Békés,0.53647541,0.072459016,0.07795082,0.030901639,0.203688525,0.032213115,0.003114754,0.020163934,0.023032787,0.06232687,0.634695291,0.052631579,0.045706371,0.046225762,0.016274238,0.123268698,0.003981994,0.014889197,Független,#E5A3AD,0.599296744,FIDESZ,#FFA500,0.261580798,NÖBLE,#F2A175,0.047699129,0.09142333,#FFCAD2,Fidesz-KDNP,#FFA500,0.369372264,MSZP,#FF3232,0.207234263,Rácz Attila,#E5A3AD,0.195504021,0.227889452,#FFCAD2
bekescsaba,Békéscsaba,0.428736645,0.089547307,0.121929728,0.062974997,0.217177002,0.040064985,0.005176782,0.020789735,0.01360282,0.063291727,0.464526008,0.103289871,0.042086214,0.062178089,0.029696998,0.202171593,0.005104172,0.027655329,Független,#E5A3AD,0.4193,Fidesz-KDNP,#FFA500,0.3456,EGYÜTT-MSZP-DK-MLP-PM,#FF3232,0.2005,0.0346,#FFCAD2,Hajrá Békéscsaba,#FFA500,0.546587605,DK-Jobbik,#0000CE,0.266718254,MSZP-LMP,#FF3232,0.148290463,0.038403678,#FFCAD2
berettyoujfalu,Berettyóújfalu,0.460067255,0.056746532,0.117696511,0.041929382,0.269125683,0.027427491,0.004098361,0.015237495,0.00767129,0.075159236,0.547983015,0.059872611,0.03163482,0.077282378,0.012314225,0.171125265,0.003821656,0.020806794,Fidesz-KDNP,#FFA500,0.629187701,Független,#E5A3AD,0.1953,JOBBIK,#A8A8A8,0.100504819,0.075,#FFCAD2,Fidesz-KDNP,#FFA500,0.648981527,Mindenki Magyarországa,#1D52E2,0.351018473,N/A,#FFFFFF,0,0,#FFCAD2
biatorbagy,Biatorbágy,0.475655956,0.154482952,0.085730321,0.048547776,0.155605444,0.04139189,0.010102427,0.019924232,0.008559001,0.038097043,0.507771039,0.159590599,0.028620167,0.044730857,0.032031842,0.14802881,0.005117513,0.03601213,Fidesz-KDNP,#FFA500,0.51918522,SZBE,#F2A175,0.382993842,BFE,#E5A3AD,0.097820938,0,#FFCAD2,Fidesz-KDNP,#FFA500,0.547650787,Szövetség Biatorbágyért Egyesület,#F2A175,0.359142115,BFE,#F2A175,0.078490188,0.01471691,#FFCAD2
bicske,Bicske,0.483712956,0.080578006,0.109478325,0.041391134,0.200097967,0.05388195,0.0047759,0.021920157,0.004163605,0.054762462,0.580388486,0.104142289,0.032763866,0.046337468,0.018956237,0.135970044,0.002106249,0.0245729,Fidesz-KDNP,#FFA500,0.541700405,PM,#62C400,0.242105263,JOBBIK,#A8A8A8,0.216194332,0,#FFCAD2,Fidesz-KDNP,#FFA500,0.651715362,DK-JOBBIK-MMM-MOMENTUM-MSZP,#AAF624,0.348284638,N/A,#FFFFFF,0,0,#FFCAD2
bonyhad,Bonyhád,0.567613396,0.06782535,0.102727144,0.052140738,0.163063445,0.019358485,0.002260845,0.011445528,0.01356507,0.044901217,0.602674117,0.071442826,0.032328876,0.058271802,0.018160048,0.14867292,0.003791658,0.019756536,Fidesz-KDNP,#FFA500,0.519230769,MSZP-DK,#FF3232,0.384615385,Független,#E5A3AD,0.096153846,0,#FFCAD2,Fidesz-KDNP,#FFA500,0.57806795,Egységben a Városunkért,#F2A175,0.309272816,Szabó Gábor,#E5A3AD,0.089454407,0.023204827,#FFCAD2
budakalasz,Budakalász,0.456925937,0.113418035,0.106910443,0.066625349,0.14502634,0.054384878,0.012550356,0.029748993,0.014409668,0.045128638,0.48439477,0.163222269,0.037747786,0.055672712,0.030577815,0.138549135,0.003163222,0.041543652,Fidesz-KDNP,#FFA500,0.822598253,JOBBIK,#A8A8A8,0.177401747,N/A,#FFFFFF,0,0,#FFCAD2,Fidesz-KDNP,#FFA500,0.58205145,2011 Egyesület,#F2A175,0.401963567,Független,#E5A3AD,0.015984983,0,#FFCAD2
budakeszi,Budakeszi,0.422980924,0.197183099,0.101711535,0.057764307,0.111160635,0.060616866,0.012658228,0.030754145,0.005170262,0.027288732,0.496625587,0.176789906,0.019219484,0.053110329,0.041519953,0.144219484,0.002787559,0.038438967,Fidesz-KDNP,#FFA500,0.687842064,LMP,#4C924C,0.312157936,N/A,#FFFFFF,0,0,#FFCAD2,Fidesz-KDNP,#FFA500,0.592434639,Budakörnyék Fejlődéséért Egyesület,#AAF624,0.407565361,N/A,#FFFFFF,0,0,#FFCAD2
budaors,Budaörs,0.384886619,0.162563074,0.164751657,0.064320019,0.12207429,0.055322512,0.011550854,0.027235698,0.007295276,0.027145012,0.421144535,0.2038257,0.024446385,0.070084927,0.032859751,0.180014287,0.00230177,0.038177633,BFE,#F2A175,0.693111188,Fidesz-KDNP,#FFA500,0.273739641,Független,#E5A3AD,0.033149171,0,#FFCAD2,Budakörnyék Fejlődéséért Egyesület,#AAF624,0.700922929,Fidesz-KDNP,#FFA500,0.299077071,N/A,#FFFFFF,0,0,#FFCAD2
budapest1,Budapest I. kerület,0.427462648,0.147467822,0.148567363,0.06351465,0.077355928,0.074574736,0.023607787,0.031757325,0.005691741,0.019180263,0.453322722,0.209391166,0.01591723,0.082371667,0.039235973,0.137684043,0.002467171,0.040429765,Fidesz-KDNP,#FFA500,0.555148784,DK,#0000CE,0.102787947,EGYÜTT-PM,#62C400,0.098188304,0.243874965,#FFCAD2,Fidesz-KDNP,#FFA500,0.52505394,MOMENTUM-DK-MSZP-PÁRBESZÉD-LMP,#AAF624,0.454100404,Független,#E5A3AD,0.020845656,0,#FFCAD2
budapest2,Budapest II. kerület,0.407760088,0.135146764,0.162759808,0.093633659,0.075898453,0.073185789,0.01874544,0.026733766,0.006136232,0.019554232,0.442130703,0.208993482,0.013036155,0.083904987,0.03144301,0.163098406,0.001757684,0.036081342,Fidesz-KDNP,#FFA500,0.521985065,MSZP,#FF3232,0.234981052,EGYÜTT-PM,#62C400,0.085711101,0.157322782,#FFCAD2,Fidesz-KDNP,#FFA500,0.523329196,MOMENTUM-DK-MSZP-PÁRBESZÉD-LMP,#AAF624,0.476670804,N/A,#FFFFFF,0,0,#FFCAD2
budapest3,Budapest III. kerület,0.368992147,0.112531637,0.192082549,0.087844766,0.131053281,0.057161399,0.014225453,0.027075086,0.009033682,0.03430889,0.393894552,0.174978991,0.023292776,0.095783551,0.028499397,0.205195659,0.003288392,0.040757792,Fidesz-KDNP,#FFA500,0.532781337,EGYÜTT-PM,#62C400,0.280141684,JOBBIK,#A8A8A8,0.083950005,0.103126974,#FFCAD2,Fidesz-KDNP,#FFA500,0.501441247,MOMENTUM-DK-MSZP-PÁRBESZÉD-LMP,#AAF624,0.498558753,N/A,#FFFFFF,0,0,#FFCAD2
budapest4,Budapest IV. kerület,0.35823847,0.104567184,0.167056436,0.117188843,0.150703305,0.052670496,0.010197063,0.027203632,0.012174571,0.037033206,0.382305783,0.150951691,0.026559429,0.079497259,0.028369711,0.255767043,0.004060205,0.035455674,Fidesz-KDNP,#FFA500,0.524946144,MSZP,#FF3232,0.357805544,JOBBIK,#A8A8A8,0.05388482,0.063363493,#FFCAD2,Fidesz-KDNP,#FFA500,0.480017806,MOMENTUM-DK-MSZP-PÁRBESZÉD-LMP,#AAF624,0.451289305,ÚPK,#F2A175,0.046474729,0.022218161,#FFCAD2
budapest9,Budapest IX. kerület,0.373923342,0.122739018,0.154859317,0.08240023,0.128050531,0.074720069,0.021425495,0.032838071,0.009043928,0.032636648,0.383036424,0.228316267,0.022677327,0.076869126,0.034974517,0.171272268,0.003413288,0.046804133,Fidesz-KDNP,#FFA500,0.444481699,EGYÜTT-PM,#62C400,0.431405421,JOBBIK,#A8A8A8,0.064431405,0.059681475,#FFCAD2,MOMENTUM-DK-MSZP-PÁRBESZÉD-LMP,#AAF624,0.511398281,Fidesz-KDNP,#FFA500,0.446185899,Független,#E5A3AD,0.021081493,0.021334327,#FFCAD2
budapest5,Budapest V. kerület,0.420856834,0.135845434,0.148445938,0.069662787,0.087603504,0.079203168,0.025201008,0.027901116,0.005280211,0.020841157,0.454374765,0.19770935,0.016334961,0.08711979,0.032012768,0.151990237,0.002722493,0.03689448,Fidesz-KDNP,#FFA500,0.545251722,EGYÜTT-PM,#62C400,0.302648172,LMP,#4C924C,0.066058784,0.086041323,#FFCAD2,Fidesz-KDNP,#FFA500,0.510978982,MOMENTUM-DK-MSZP-PÁRBESZÉD-LMP,#AAF624,0.454386,Jobbik,#A8A8A8,0.019244887,0.01539013,#FFCAD2
budapest6,Budapest VI. kerület,0.370723434,0.127317387,0.159483011,0.102345166,0.101526405,0.072869758,0.019533306,0.039475993,0.00672554,0.024172525,0.388656292,0.216683782,0.020854728,0.081839008,0.035152856,0.179793033,0.003317798,0.049529979,Fidesz-KDNP,#FFA500,0.493362256,EGYÜTT-PM,#62C400,0.327895879,LMP,#4C924C,0.096399132,0.082342733,#FFCAD2,MOMENTUM-DK-MSZP-PÁRBESZÉD-LMP,#AAF624,0.510598988,Fidesz-KDNP,#FFA500,0.489401012,N/A,#FFFFFF,0,0,#FFCAD2
budapest7,Budapest VII. kerület,0.37031975,0.125849728,0.164298817,0.089810452,0.109232817,0.073984822,0.01881092,0.040535194,0.007157501,0.027214363,0.377194478,0.21481734,0.018748935,0.087097324,0.035054826,0.181921482,0.002670303,0.05528095,Fidesz-KDNP,#FFA500,0.441792347,DK,#0000CE,0.321139225,LMP,#4C924C,0.103016328,0.1340521,#FFCAD2,Fidesz-KDNP,#FFA500,0.466003429,MOMENTUM-DK-MSZP-PÁRBESZÉD-LMP,#AAF624,0.408856063,Független,#E5A3AD,0.06973176,0.055408749,#FFCAD2
budapest8,Budapest VIII. kerület,0.395256228,0.111472837,0.143824666,0.092346598,0.124582159,0.067232509,0.017760079,0.03749673,0.010028195,0.028646529,0.418693754,0.198253586,0.024458701,0.075915531,0.033101666,0.169295197,0.003653212,0.047981823,Fidesz-KDNP,#FFA500,0.571719336,MSZP,#FF3232,0.138671666,EGYÜTT-PM,#62C400,0.077986074,0.211622924,#FFCAD2,Fidesz-KDNP,#FFA500,0.511284928,MOMENTUM-DK-MSZP-PÁRBESZÉD-LMP,#AAF624,0.442346004,KÉP,#F2A175,0.02017817,0.026190898,#FFCAD2
budapest10,Budapest X. kerület,0.384311654,0.100347065,0.183768422,0.087671646,0.15104874,0.044414265,0.011518535,0.025023892,0.01189578,0.038123737,0.417495725,0.140369967,0.026775999,0.085224623,0.027747552,0.223185139,0.005052075,0.036025183,Fidesz-KDNP,#FFA500,0.494741762,DK,#0000CE,0.328955363,JOBBIK,#A8A8A8,0.075812106,0.100490769,#FFCAD2,Fidesz-KDNP,#FFA500,0.486207502,MOMENTUM-DK-MSZP-PÁRBESZÉD-LMP,#AAF624,0.465572258,Jobbik,#A8A8A8,0.0322125,0.01600774,#FFCAD2
budapest11,Budapest XI. kerület,0.401676473,0.121193471,0.180990128,0.082481967,0.09615716,0.068868319,0.013305926,0.027571946,0.00775461,0.024172676,0.423599694,0.194699917,0.019159084,0.085686846,0.031790731,0.179268471,0.002897466,0.038725115,Fidesz-KDNP,#FFA500,0.466543592,MSZP,#FF3232,0.414073953,LMP,#4C924C,0.060668585,0.058713869,#FFCAD2,MOMENTUM-DK-MSZP-PÁRBESZÉD-LMP,#AAF624,0.469781173,Fidesz-KDNP,#FFA500,0.463868132,Állampolgárok a Centrumban E.,#F2A175,0.037929798,0.028420897,#FFCAD2
budapest12,Budapest XII. kerület,0.422015174,0.141834154,0.145747371,0.083641688,0.076720351,0.076028218,0.018660988,0.030773326,0.00457873,0.019199548,0.455459872,0.212500882,0.013446742,0.075174702,0.033987436,0.1482671,0.002188184,0.039775535,Fidesz-KDNP,#FFA500,0.572576657,EGYÜTT-PM,#62C400,0.111317178,MSZP,#FF3232,0.087866799,0.228239367,#FFCAD2,Fidesz-KDNP,#FFA500,0.545457833,MOMENTUM-DK-MSZP-PÁRBESZÉD-LMP,#AAF624,0.454542167,N/A,#FFFFFF,0,0,#FFCAD2
budapest13,Budapest XIII. kerület,0.311484814,0.118335245,0.238285732,0.09419721,0.111361029,0.069138337,0.018763964,0.029995169,0.0084385,0.026561795,0.317237229,0.213719296,0.018502998,0.135409279,0.030000215,0.213697806,0.003202029,0.041669353,MSZP,#FF3232,0.698557704,Fidesz-KDNP,#FFA500,0.225852096,JOBBIK,#A8A8A8,0.043541941,0.032048259,#FFCAD2,MOMENTUM-DK-MSZP-PÁRBESZÉD-LMP,#AAF624,0.7411314,Fidesz-KDNP,#FFA500,0.2588686,N/A,#FFFFFF,0,0,#FFCAD2
budapest14,Budapest XIV. kerület,0.355582278,0.103865434,0.24724001,0.07384602,0.105444641,0.060908116,0.014546087,0.029787604,0.008779809,0.026071218,0.377341224,0.185569316,0.022247982,0.111199235,0.030341854,0.200577553,0.003192809,0.043458809,EGYÜTT-PM,#62C400,0.425333208,Fidesz-KDNP,#FFA500,0.396893186,CIVILZUGLÓ,#F2A175,0.081143233,0.096630374,#FFCAD2,MOMENTUM-DK-MSZP-PÁRBESZÉD-LMP,#AAF624,0.509240686,Fidesz-KDNP,#FFA500,0.389253683,Civilzugló,#F2A175,0.067971299,0.033534332,#FFCAD2
budapest19,Budapest XIX. kerület,0.372939846,0.097905635,0.20729458,0.080502172,0.14910454,0.045486999,0.010590825,0.02543583,0.010739573,0.03672653,0.398289216,0.137756405,0.027193804,0.120733679,0.031662269,0.207421908,0.004596136,0.035620053,MSZP,#FF3232,0.60549657,Fidesz-KDNP,#FFA500,0.315288155,JOBBIK,#A8A8A8,0.054528772,0.024686503,#FFCAD2,MOMENTUM-DK-MSZP-PÁRBESZÉD-LMP,#AAF624,0.595456372,Fidesz-KDNP,#FFA500,0.341660737,Németh Ferenc,#E5A3AD,0.040016385,0.023,#FFCAD2
budapest15,Budapest XV. kerület,0.386400686,0.087623338,0.155448305,0.123573574,0.158108108,0.040926641,0.009180609,0.027305877,0.011432861,0.037263995,0.422689632,0.114938721,0.028519377,0.077442862,0.025273269,0.254985094,0.004670421,0.034216628,DK,#0000CE,0.438874641,Fidesz-KDNP,#FFA500,0.410196627,JOBBIK,#A8A8A8,0.089686796,0.061241937,#FFCAD2,MOMENTUM-DK-MSZP-PÁRBESZÉD-LMP,#AAF624,0.542677099,Fidesz-KDNP,#FFA500,0.402610259,Független,#E5A3AD,0.039071478,0.015641164,#FFCAD2
budapest16,Budapest XVI. kerület,0.413754377,0.106736253,0.158177534,0.072361322,0.131465944,0.054458171,0.02792275,0.025566493,0.009557156,0.029176148,0.46011658,0.17483869,0.026869487,0.066051557,0.027337053,0.180013092,0.002992425,0.032604969,Fidesz-KDNP,#FFA500,0.6046144,MSZP,#FF3232,0.097030374,DK,#0000CE,0.088336031,0.210019195,#FFCAD2,Fidesz-KDNP,#FFA500,0.555206191,MOMENTUM-DK-MSZP-PÁRBESZÉD-LMP,#AAF624,0.418839501,Civil 16 Egyesület,#F2A175,0.025954307,0,#FFCAD2
budapest17,Budapest XVII. kerület,0.401799855,0.093327868,0.173408358,0.074155503,0.165638799,0.048033389,0.008496208,0.024575655,0.010564364,0.038259988,0.447343213,0.142024004,0.02887812,0.078745703,0.027046825,0.201639714,0.003155463,0.03290697,Fidesz-KDNP,#FFA500,0.647968986,DK,#0000CE,0.196857417,JOBBIK,#A8A8A8,0.062199808,0.092973789,#FFCAD2,Fidesz-KDNP,#FFA500,0.526039804,MOMENTUM-DK-MSZP-PÁRBESZÉD-LMP,#AAF624,0.453260155,Itthon,#F2A175,0.02070004,0,#FFCAD2
budapest18,Budapest XVIII. kerület,0.389695089,0.087703496,0.193971844,0.079129971,0.166633307,0.040215506,0.008957166,0.021984254,0.011709367,0.042886712,0.434824313,0.129871769,0.029558764,0.10026252,0.024560784,0.201307553,0.003180533,0.033547052,Fidesz-KDNP,#FFA500,0.433537716,MSZP,#FF3232,0.351974904,JOBBIK,#A8A8A8,0.098502781,0.1159846,#FFCAD2,Fidesz-KDNP,#FFA500,0.48276211,MOMENTUM-DK-MSZP-PÁRBESZÉD-LMP,#AAF624,0.466371743,Agóra Lokálpatrióta,#F2A175,0.02825897,0.022607176,#FFCAD2
budapest20,Budapest XX. kerület,0.388660416,0.087240226,0.191177277,0.081153699,0.170559851,0.038822175,0.009486209,0.022235017,0.010665131,0.046067077,0.42562535,0.124596375,0.029190167,0.090971714,0.024841779,0.22099281,0.004391441,0.033323288,MSZP-DK-EGYÜTT-PM,#FF3232,0.536325329,Fidesz-KDNP,#FFA500,0.346651774,JOBBIK,#A8A8A8,0.086053714,0.030969183,#FFCAD2,MOMENTUM-DK-MSZP-PÁRBESZÉD-LMP,#AAF624,0.50454021,Szabados Ákos,#FFA500,0.49545979,N/A,#FFFFFF,0,0,#FFCAD2
budapest21,Budapest XXI. kerület,0.372713485,0.083670374,0.160331832,0.083992095,0.180646199,0.03858351,0.043524221,0.025048258,0.011490027,0.048640812,0.414787967,0.130627039,0.028706053,0.087495469,0.027437477,0.225444001,0.005617978,0.031243204,Fidesz-KDNP,#FFA500,0.471349926,DK,#0000CE,0.356013026,JOBBIK,#A8A8A8,0.10095371,0.071683337,#FFCAD2,Fidesz-KDNP,#FFA500,0.481262463,MOMENTUM-DK-MSZP-PÁRBESZÉD-LMP,#AAF624,0.47548693,Buckai Szövetség Egyesület,#F2A175,0.025054653,0.018195954,#FFCAD2
budapest22,Budapest XXII. kerület,0.411271366,0.101163702,0.172349749,0.074668447,0.135059056,0.05708233,0.011404858,0.028584695,0.008415798,0.033940011,0.448305121,0.162190828,0.023758008,0.075007424,0.03071571,0.189724662,0.002375801,0.033982436,Fidesz-KDNP,#FFA500,0.482532163,DK,#0000CE,0.152769554,JOBBIK,#A8A8A8,0.117457071,0.247241212,#FFCAD2,Fidesz-KDNP,#FFA500,0.502734552,MOMENTUM-DK-MSZP-PÁRBESZÉD-LMP,#AAF624,0.458945624,Budafok-Tétény Baráti Körök,#F2A175,0.038319824,0,#FFCAD2
budapest23,Budapest XXIII. kerület,0.392939815,0.076719577,0.146990741,0.070353836,0.202380952,0.037698413,0.037285053,0.02025463,0.015376984,0.04606714,0.437760353,0.126317079,0.035898064,0.082455281,0.03038471,0.203381524,0.004410684,0.033325165,CIVIL SZERVEZETEK,#F2A175,0.372792595,Fidesz-KDNP,#FFA500,0.264157837,IVE,#E5A3AD,0.206795762,0.156253806,#FFCAD2,MOMENTUM-MSZP-PÁRBESZÉD-LMP-JOBBIK,#AAF624,0.498057109,Bese Ferenc,#FFA500,0.484258882,Bernáth Zoltán,#E5A3AD,0.017684008,0,#FFCAD2
cegled,Cegléd,0.471634777,0.065362298,0.096484918,0.051934973,0.254447801,0.029492159,0.003740469,0.017263703,0.009638901,0.07402642,0.522731172,0.084234002,0.042288557,0.05807171,0.022216504,0.167867559,0.002487562,0.026076514,Fidesz-KDNP,#FFA500,0.286697448,JOBBIK,#A8A8A8,0.272062026,CFE,#F2A175,0.241048872,0.200191654,#FFCAD2,Független,#E5A3AD,0.522061902,Fidesz-KDNP,#FFA500,0.477938098,N/A,#FFFFFF,0,0,#FFCAD2
celldomolk,Celldömölk,0.566199505,0.050618302,0.149216818,0.041714757,0.151690025,0.016817807,0.001483924,0.012530915,0.009727947,0.040585667,0.600051374,0.057796044,0.032108913,0.076033907,0.013357308,0.16105831,0.002568713,0.016439764,CSÖCE,#F2A175,0.620759587,Fidesz-KDNP,#FFA500,0.379240413,N/A,#FFFFFF,0,0,#FFCAD2,Fidesz-KDNP,#FFA500,0.53463084,CSÖCE-ECVE,#F2A175,0.46536916,N/A,#FFFFFF,0,0,#FFCAD2
csongrad,Csongrád,0.558793044,0.04641253,0.104917655,0.032016584,0.211562824,0.015202119,0.003339859,0.015547622,0.012207762,0.062441752,0.58527493,0.062441752,0.058527493,0.057968313,0.017707363,0.12805219,0.005032619,0.022553588,Független,#E5A3AD,0.5421,Fidesz-KDNP,#FFA500,0.396830282,Független #2,#F2A175,0.0611,0,#FFCAD2,Bedő Tamás,#E5A3AD,0.504451511,Csák Ambrus,#FFA500,0.495548489,N/A,#FFFFFF,0,0,#FFCAD2
csorna,Csorna,0.584157093,0.077344376,0.076142132,0.042212129,0.164573871,0.031124766,0.00200374,0.015495592,0.0069463,0.053937947,0.668973747,0.059904535,0.031980907,0.036038186,0.01646778,0.113365155,0.003102625,0.016229117,Fidesz-KDNP,#FFA500,0.680283757,MSZP-DK,#FF3232,0.201320939,JOBBIK,#A8A8A8,0.069227006,0.049168297,#FFCAD2,Fidesz-KDNP,#FFA500,0.694160446,DK-MOMENTUM-JOBBIK-MSZP-LMP,#AAF624,0.274303076,Független,#E5A3AD,0.031536477,0,#FFCAD2
dabas,Dabas,0.524808464,0.069773805,0.082907698,0.036483035,0.222637723,0.029095221,0.004834002,0.016326158,0.013133893,0.06283857,0.628566269,0.061755146,0.030877573,0.039725533,0.020043337,0.129469122,0.00288913,0.02383532,FIDESZ,#FFA500,0.795464553,PELE-EGYESÜLET,#F2A175,0.204535447,N/A,#FFFFFF,0,0,#FFCAD2,Fidesz-KDNP,#FFA500,1,N/A,#FFFFFF,0,N/A,#FFFFFF,0,0,#FFCAD2
debrecen,Debrecen,0.475062638,0.084140135,0.115000829,0.056265114,0.184893537,0.042087527,0.007228474,0.022331445,0.012990301,0.054692374,0.531163661,0.1133062,0.029574285,0.054246754,0.024464514,0.159620926,0.004500758,0.028430528,Fidesz-KDNP,#FFA500,0.56410838,JOBBIK,#A8A8A8,0.154569449,DK,#0000CE,0.130258166,0.151064005,#FFCAD2,Fidesz-KDNP,#FFA500,0.614429885, Momentum-Jobbik -LMP,#D03EEC,0.20147706,DK-MSZP,#0000CE,0.154086599,0.030006456,#FFCAD2
diosd,Diósd,0.4134,0.1008,0.1624,0.0659,0.1727,0.0474,0.0101,0.0213,0.006,0.041489863,0.447901933,0.172560113,0.028524281,0.061056106,0.031824611,0.182461103,0.001885903,0.032296087,Független,#E5A3AD,0.4422,Fidesz-KDNP,#FFA500,0.44,O.D.E,#F2A175,0.1178,0,#FFCAD2,Élhetőbb Diósdért Egyesület,#AAF624,0.424393279,Fidesz-KDNP,#FFA500,0.302181743,Diósdiak a Városért,#F2A175,0.207425845,0.065999133,#FFCAD2
dombovar,Dombóvár,0.487148421,0.066464734,0.103245348,0.068541757,0.213587192,0.029424492,0.004500216,0.016616183,0.010471657,0.061299616,0.544494238,0.067861716,0.042253521,0.052016645,0.013604353,0.193982074,0.003841229,0.020646607,Természetesen,#F2A175,0.504224584,Fidesz-KDNP,#FFA500,0.43199782,JOBBIK,#A8A8A8,0.063777596,0,#FFCAD2,Fidesz-KDNP,#FFA500,0.503684419,Természetesen Dombóvár,#F2A175,0.43606969,Jobbik,#A8A8A8,0.060245891,0,#FFCAD2
dorog,Dorog,0.343869879,0.067822618,0.107411386,0.08884456,0.330213288,0.025011508,0.003989566,0.016572042,0.016265153,0.119580226,0.389671362,0.093896714,0.040320353,0.051090859,0.022645678,0.247997791,0.004694836,0.030102182,Független,#E5A3AD,0.678536346,Fidesz-KDNP,#FFA500,0.136051081,JOBBIK,#A8A8A8,0.133104126,0.052308448,#FFCAD2,Független,#E5A3AD,1,N/A,#FFFFFF,0,N/A,#FFFFFF,0,0,#FFCAD2
dunaharaszti,Dunaharaszti,0.422559065,0.099076975,0.13904649,0.058430011,0.199508849,0.037005674,0.008129393,0.022609874,0.013633669,0.049088542,0.462630208,0.136067708,0.033854167,0.077213542,0.032421875,0.168880208,0.003385417,0.036458333,Független,#E5A3AD,1,N/A,#FFFFFF,0,N/A,#FFFFFF,0,0,#FFCAD2,Szalay László,#FFA500,0.508667221,Barabás Emőke,#E5A3AD,0.491332779,N/A,#FFFFFF,0,0,#FFCAD2
dunakeszi,Dunakeszi,0.395581508,0.112582289,0.120839067,0.100569048,0.165247145,0.057871834,0.012868673,0.025067877,0.009372559,0.043965517,0.441625616,0.159482759,0.024938424,0.053756158,0.027955665,0.20979064,0.002586207,0.035899015,Fidesz-KDNP,#FFA500,0.514080236,EGYÜTT-PM-DK-4K--MLP-MOMA,#62C400,0.247205615,JOBBIK,#A8A8A8,0.134043844,0.104670306,#FFCAD2,Fidesz-KDNP,#FFA500,0.558825381,DK-JOBBIK-LMP-MOMENTUM-MSZP-PÁRBESZÉD-MMM,#AAF624,0.441174619,N/A,#FFFFFF,0,0,#FFCAD2
dunaujvaros,Dunaújváros,0.367812771,0.065696331,0.123410864,0.079565155,0.297565732,0.032866224,0.004911875,0.01534961,0.012821439,0.11413835,0.405521845,0.097512136,0.030946602,0.065958738,0.016565534,0.241929612,0.005643204,0.021783981,Fidesz-KDNP,#FFA500,0.453402861,MSZP-DK-EGYÜTT,#FF3232,0.332464233,JOBBIK,#A8A8A8,0.159847573,0.054285332,#FFCAD2,Fidesz-KDNP,#FFA500,0.48963527,Rajta Újváros Egyesület,#AAF624,0.484561503,Mi Hazánk,#4C924C,0.025803226,0,#FFCAD2
edeleny,Edelény,0.553624333,0.028244124,0.099545724,0.026861545,0.258739878,0.010863125,0.001185068,0.008295477,0.012640727,0.10138539,0.620277078,0.039357683,0.041561713,0.064861461,0.012279597,0.099496222,0.004722922,0.016057935,Molnár Oszkár,#E5A3AD,0.333,CIVIL-ÖSSZEFOGÁS,#F2A175,0.26173913,Fidesz-KDNP,#FFA500,0.230869565,0.174,#FFCAD2,0,0,0,0,0,0,0,0,0,0,#FFCAD2
eger,Eger,0.428207587,0.08168035,0.127973872,0.064301552,0.228920717,0.034338108,0.004734224,0.020494996,0.009348595,0.078292156,0.47574958,0.109666587,0.038474454,0.069177261,0.023794675,0.177596546,0.002974334,0.024274406,Fidesz-KDNP,#FFA500,0.38301682,JOBBIK,#A8A8A8,0.260010852,DK-EGYÜTT-MSZP,#0000CE,0.19066739,0.166304938,#FFCAD2,Fidesz-KDNP,#FFA500,0.467626353,Egységben a Városért Egyesület,#AAF624,0.435787529,Egri Városvédők Egyesülete,#F2A175,0.054329691,0.042256427,#FFCAD2
erd,Érd,0.43773831,0.085967289,0.159943809,0.059100943,0.176173992,0.039960867,0.009080875,0.023454746,0.008579169,0.046244605,0.483984638,0.124519935,0.03171398,0.067862375,0.024983173,0.183830225,0.00344459,0.033416479,Fidesz-KDNP,#FFA500,0.466644033,Független,#E5A3AD,0.350025463,JOBBIK,#A8A8A8,0.115034233,0.068296271,#FFCAD2,Fidesz-KDNP,#FFA500,0.529954013,LMP-JOBBIK-DK-MSZP-CÉL-MOMENTUM-MMM-PÁRBESZÉD-MLP,#AAF624,0.439807026,Független,#E5A3AD,0.03023896,0,#FFCAD2
esztergom,Esztergom,0.448166051,0.080352573,0.091327836,0.073926642,0.229456924,0.034063122,0.004663065,0.027352858,0.01069093,0.062942489,0.519348269,0.100281253,0.029483076,0.045582388,0.024051983,0.183396373,0.002133644,0.032780526,Fidesz-KDNP,#FFA500,0.468728698,Független,#E5A3AD,0.4339,JOBBIK,#A8A8A8,0.05291411,0.0445,#FFCAD2,Fidesz-KDNP,#FFA500,0.519405643,Szeretgom,#F2A175,0.423857075,Független,#E5A3AD,0.056737282,0,#FFCAD2
fot,Fót,0.432406008,0.076615412,0.124166741,0.086481202,0.200871034,0.034574704,0.00986579,0.023197938,0.011821171,0.048446194,0.472927127,0.11833356,0.03596146,0.066087665,0.028633465,0.196091736,0.002035554,0.031483241,Fidesz-KDNP,#FFA500,0.445234468,MSZP,#FF3232,0.171830032,MLP-EGYÜTT-PM-DK,#62C400,0.132893178,0.2533,#FFCAD2,Fidesz-KDNP,#FFA500,0.524002766,DK-MSZP-MMM-JOBBIK-SZOLIDARITÁS-PÁRBESZÉD,#AAF624,0.411149663,Fótozók Egyesület,#F2A175,0.029929648,0.034917923,#FFCAD2
gardony,Gárdony,0.43872059,0.085652776,0.133169306,0.069198831,0.191296325,0.039212671,0.006458558,0.022604952,0.013685991,0.050361241,0.480025499,0.107522312,0.032936677,0.06438589,0.025499363,0.194857629,0.002762431,0.041648959,Fidesz-KDNP,#FFA500,0.639111111,DK-EGYÜTT-MSZP-PM,#FF3232,0.360888889,N/A,#FFFFFF,0,0,#FFCAD2,Fidesz-KDNP,#FFA500,0.585796073,DK-JOBBIK-LMP-MSZP-MMM-MOMENTUM-PÁRBESZÉD,#AAF624,0.384723044,Független,#E5A3AD,0.029480883,0,#FFCAD2
god,Göd,0.416190796,0.10757474,0.113789049,0.087420222,0.17819953,0.048790729,0.007557944,0.02955996,0.010917031,0.045810586,0.4482554,0.162354617,0.034892001,0.053762165,0.033111797,0.178257774,0.003797769,0.039757892,Fidesz-KDNP,#FFA500,0.390376036,Független,#E5A3AD,0.27804334,JOBBIK,#A8A8A8,0.13734863,0.194231995,#FFCAD2,Fidesz-KDNP,#FFA500,0.489746766,DK-JOBBIK-LMP-MMM-MOMENTUM-PÁRBESZÉD,#AAF624,0.478488929,Mi Hazánk,#4C924C,0.031764305,0,#FFCAD2
godollo,Gödöllő,0.422740525,0.16234208,0.112487852,0.051603499,0.164965986,0.045675413,0.007968902,0.023906706,0.008309038,0.045094076,0.459804074,0.14974343,0.030943866,0.06002177,0.040584668,0.169413777,0.00342093,0.04097341,GLK,#F2A175,0.78575627,MSZP-EGYÜTT,#FF3232,0.113048589,Független,#E5A3AD,0.101195141,0,#FFCAD2,Gödöllői Lokálpatrófia Klub,#F2A175,0.397659459,Fidesz-KDNP,#FFA500,0.29776172,DK-Jobbik-Párbeszéd-MSZP,#1D52E2,0.270839821,0.033739,#FFCAD2
gyal,Gyál,0.421104134,0.076653347,0.12003588,0.072249857,0.235342086,0.033760091,0.008317704,0.02014189,0.012395009,0.062658406,0.476485497,0.102365531,0.038721487,0.061391157,0.025344973,0.199662067,0.002816108,0.030554773,Fidesz-KDNP,#FFA500,0.55186722,MSZP-DK,#FF3232,0.27089508,JOBBIK,#A8A8A8,0.1772377,0,#FFCAD2,Fidesz-KDNP,#FFA500,0.601079423,MSZP-DK-MOMENTUM,#FF3232,0.398920577,N/A,#FFFFFF,0,0,#FFCAD2
gyomaendrod,Gyomaendrőd,0.481061187,0.05811992,0.121913817,0.056739764,0.222971937,0.023462659,0.003527066,0.013648213,0.018555436,0.071391619,0.507501293,0.071650285,0.043455768,0.063372995,0.017330574,0.193481635,0.006725297,0.025090533,KVE,#F2A175,0.486683764,FIDESZ,#FFA500,0.31820872,KDNP,#7E7E7E,0.195107516,0,#FFCAD2,Toldi Balázs,#E5A3AD,0.655734661,Márjalaki József,#FFA500,0.344265339,N/A,#FFFFFF,0,0,#FFCAD2
gyomro,Gyömrő,0.434854259,0.07889587,0.107838088,0.066845195,0.232773715,0.032650118,0.009372747,0.024204346,0.012565661,0.065828161,0.482848742,0.116465207,0.033485789,0.051290428,0.025645214,0.182130023,0.003266906,0.03903953,GYÖMRŐ 2000 KÖR,#F2A175,0.695360734,Fidesz-KDNP-GYÖMROI-TÁRSASKÖR,#FFA500,0.129123302,HEGY,#E5A3AD,0.081143059,0.094372905,#FFCAD2,Gyömrő 2000 Kör - Fidesz,#FFA500,0.468516176,HEGY,#F2A175,0.429377549,Jó Itt Élni Közösség,#F2A175,0.102106275,0,#FFCAD2
gyongyos,Gyöngyös,0.355364232,0.056091148,0.116925298,0.067381554,0.350002578,0.027942465,0.005361654,0.013713461,0.007217611,0.113329099,0.422466201,0.086199074,0.04237365,0.081299338,0.016423192,0.212866346,0.003992378,0.021050721,MSZP-DK-EGYÜTT,#FF3232,0.314806922,Fidesz-KDNP,#FFA500,0.274742136,JOBBIK,#A8A8A8,0.240985423,0.169465519,#FFCAD2,DK-Momentum-MSZP,#0000CE,0.516050135,Városom Szeretlek Egyesület - Fidesz-KDNP,#FFA500,0.377727686,Jobbik,#A8A8A8,0.106222179,0,#FFCAD2
gyor,Győr,0.485255575,0.094325901,0.110133791,0.064768439,0.169234991,0.042867925,0.00496741,0.018209262,0.010236707,0.050119025,0.531664844,0.116215231,0.027064702,0.055673508,0.022732634,0.166420039,0.002895194,0.027214823,Fidesz-KDNP,#FFA500,0.610235754,MSZP-EGYÜTT,#FF3232,0.136299017,JOBBIK,#A8A8A8,0.10771828,0.145746949,#FFCAD2,Fidesz-KDNP,#FFA500,0.575816831,DK-MOMENTUM-MSZP-JOBBIK-LMP,#AAF624,0.349528097,Összefogás Győrért Egyesület,#F2A175,0.042660041,0.031995031,#FFCAD2
gyula,Gyula,0.440387201,0.085453079,0.142941651,0.050605001,0.20537779,0.037483194,0.00435601,0.019736488,0.013659586,0.062266617,0.506814787,0.082991038,0.032020164,0.060866318,0.022031367,0.201549664,0.006628081,0.024831964,Fidesz-KDNP,#FFA500,0.689327641,DK-EGYÜTT-PM-MSZP,#FF3232,0.165208111,Városbarátok,#F2A175,0.093489861,0.051974386,#FFCAD2,Fidesz-KDNP,#FFA500,0.581769312,Mindenki Magyarországa,#1D52E2,0.184171256,DK,#0000CE,0.144463783,0.089595649,#FFCAD2
hajduboszormeny,Hajdúböszörmény,0.502822533,0.065094672,0.096142538,0.025579207,0.25126426,0.030636246,0.002587322,0.013759849,0.012113372,0.085473051,0.586976637,0.075526255,0.036664353,0.050543604,0.021512838,0.118783252,0.004279436,0.020240574,Fidesz-KDNP,#FFA500,0.57917542,JOBBIK,#A8A8A8,0.307116597,MSZP,#FF3232,0.113707983,0,#FFCAD2,Fidesz-KDNP,#FFA500,0.610042804,DK-MSZP,#0000CE,0.264810702,Mi Hazánk,#4C924C,0.125146494,0,#FFCAD2
hajduhadhaz,Hajdúhadház,0.598677413,0.031618103,0.065509403,0.033684646,0.22566646,0.011572639,0.003306468,0.008679479,0.02128539,0.100192678,0.66628131,0.038535645,0.034682081,0.030057803,0.010019268,0.10327553,0.006165703,0.010789981,Fidesz-KDNP,#FFA500,0.824327852,JOBBIK,#A8A8A8,0.175672148,N/A,#FFFFFF,0,0,#FFCAD2,Fidesz-KDNP,#FFA500,0.762295069,Független,#E5A3AD,0.237704931,N/A,#FFFFFF,0,0,#FFCAD2
hajdunanas,Hajdúnánás,0.493825651,0.041692138,0.170069691,0.029587969,0.227533928,0.015283042,0.002200758,0.008436239,0.011370583,0.08999313,0.5372109,0.070757957,0.025646897,0.07465079,0.01534234,0.157316235,0.008014655,0.021067094,Fidesz-KDNP,#FFA500,0.491243907,Független,#E5A3AD,0.241740386,JOBBIK,#A8A8A8,0.192272973,0.074742733,#FFCAD2,Fidesz-KDNP,#FFA500,1,N/A,#FFFFFF,0,N/A,#FFFFFF,0,0,#FFCAD2
hajdusamson,Hajdúsámson,0.607683542,0.052417386,0.064138043,0.031255087,0.200065115,0.013836888,0.00423246,0.014488035,0.011883445,0.074303406,0.665634675,0.044582043,0.027863777,0.028482972,0.017337461,0.115170279,0.00495356,0.021671827,Fidesz-KDNP,#FFA500,0.521573604,ESHE,#F2A175,0.296531303,HVE,#E5A3AD,0.074873096,0.107021997,#FFCAD2,Fidesz-KDNP,#FFA500,0.692996375,ESHE,#F2A175,0.307003625,N/A,#FFFFFF,0,0,#FFCAD2
hajduszoboszlo,Hajdúszoboszló,0.474531392,0.070239008,0.128074699,0.036791861,0.226674099,0.033934917,0.004598983,0.014702808,0.010452233,0.073167487,0.534920846,0.079952109,0.035652521,0.070240788,0.018890515,0.163895171,0.004922176,0.018358388,Összefogás Hszob,#F2A175,0.651859005,Fidesz-KDNP,#FFA500,0.348140995,N/A,#FFFFFF,0,0,#FFCAD2,Összefogás Hajdúszoboszlóért-PÁRBESZÉD-MOMENTUM-MSZP-DK-SZOLIDARITÁS-MMM-JOBBIK,#AAF624,0.591907126,Fidesz-KDNP,#FFA500,0.408092874,N/A,#FFFFFF,0,0,#FFCAD2
halasztelek,Halásztelek,0.4232,0.0702,0.1794,0.0646,0.192,0.0335,0.005,0.0204,0.0114,0.053926702,0.457329843,0.113874346,0.030104712,0.086649215,0.023560209,0.19947644,0.004973822,0.030104712,MSZP-DK-EGYÜTT-PM,#FF3232,0.58,Dr. Sári Mónika,#E5A3AD,0.3658,Kristóf Károly,#E5A3AD,0.0542,0,#FFCAD2,Sikeres Halásztelekért,#F2A175,0.542214637,Fidesz-KDNP,#FFA500,0.397550447,Független,#E5A3AD,0.060234916,0,#FFCAD2
hatvan,Hatvan,0.445597762,0.06934629,0.105344523,0.060438751,0.256183746,0.033568905,0.003680801,0.017078916,0.008760306,0.077046549,0.510433387,0.090288925,0.041867309,0.053504548,0.021134296,0.177635099,0.004949171,0.023140717,Fidesz-KDNP,#FFA500,0.654336338,EGYÜTT-HATVANÉRT,#F2A175,0.177805409,JOBBIK,#A8A8A8,0.107709046,0.060149207,#FFCAD2,Horváth Richárd,#E5A3AD,0.3796786,Együtt Hatvanért Egyesület,#F2A175,0.334555027,Fidesz-KDNP,#FFA500,0.285819486,0,#FFCAD2
heves,Heves,0.555493274,0.026345291,0.090807175,0.041292975,0.248878924,0.013266069,0.001494768,0.008221226,0.014200299,0.104356307,0.599804941,0.045188557,0.035760728,0.042912874,0.009102731,0.144668401,0.006501951,0.011703511,Fidesz-KDNP,#FFA500,0.402094912,JOBBIK,#A8A8A8,0.317443352,Független,#E5A3AD,0.22039333,0.060068405,#FFCAD2,Fidesz-KDNP,#FFA500,0.648859964,Független,#E5A3AD,0.351140036,N/A,#FFFFFF,0,0,#FFCAD2
hodmezovasarhely,Hódmezővásárhely,0.468020415,0.075505846,0.09917834,0.038187281,0.245701669,0.033445542,0.004090202,0.023274333,0.012596373,0.087280583,0.484796111,0.09278963,0.049311369,0.069943289,0.022414259,0.160464488,0.004482852,0.028517418,Fidesz-KDNP,#FFA500,0.610321616,JOBBIK,#A8A8A8,0.1710546,MSZP-DK-EGYÜTT,#FF3232,0.149887809,0.068735976,#FFCAD2,Fidesz-KDNP,#FFA500,0.542988147,Tiszta Vásárhelyért Egyesület-MMM,#1D52E2,0.457011853,N/A,#FFFFFF,0,0,#FFCAD2
isaszeg,Isaszeg,0.493349049,0.100185216,0.097996296,0.054891396,0.192625021,0.028287591,0.003535949,0.0227311,0.006398384,0.051870052,0.524979525,0.090909091,0.04040404,0.061425061,0.024297024,0.166530167,0.004368004,0.035217035,ÁPRILIS 6. KÖR,#F2A175,0.687085248,Fidesz-KDNP,#FFA500,0.312914752,N/A,#FFFFFF,0,0,#FFCAD2,Fidesz-KDNP,#FFA500,0.544002267,Isaszegi Április 6. Kör,#F2A175,0.455997733,N/A,#FFFFFF,0,0,#FFCAD2
jaszbereny,Jászberény,0.448218673,0.072051597,0.107063882,0.055159705,0.254668305,0.036855037,0.003255528,0.014189189,0.008538084,0.089957921,0.506880473,0.093369726,0.033321961,0.060388946,0.018878653,0.174911862,0.003639259,0.0186512,Fidesz-KDNP,#FFA500,0.406298003,JOBBIK,#A8A8A8,0.264757516,DK-EGYÜTT,#0000CE,0.250603467,0.078341014,#FFCAD2,Fidesz-KDNP,#FFA500,0.524664494,Közösen Jászberényért Egyesület,#F2A175,0.404443793,Mi Hazánk,#4C924C,0.042145998,0.028745715,#FFCAD2
kalocsa,Kalocsa,0.385697643,0.076082086,0.145263913,0.060578905,0.261492965,0.037906622,0.004659916,0.018639663,0.009678287,0.100608725,0.451978356,0.089448766,0.028407169,0.068650659,0.017585391,0.217788299,0.003043625,0.022489009,Független,#E5A3AD,0.578342118,Fidesz-KDNP,#FFA500,0.421657882,N/A,#FFFFFF,0,0,#FFCAD2,B-KE,#F2A175,0.433120782,Fidesz-KDNP,#FFA500,0.366275037,Szövetségben Városunkért Egyesület-MSZP,#FF3232,0.109882511,0.090721669,#FFCAD2
kaposvar,Kaposvár,0.423735209,0.078138056,0.126384734,0.076871243,0.226894154,0.03350314,0.007277432,0.015902536,0.011293496,0.062480682,0.492294785,0.08959244,0.02830397,0.065041727,0.022828631,0.213626529,0.003400009,0.022431227,Fidesz-KDNP,#FFA500,0.655653411,DK-EGYÜTT-MSZP,#FF3232,0.205404518,JOBBIK,#A8A8A8,0.098462885,0.040479186,#FFCAD2,Fidesz-KDNP,#FFA500,0.59764014,Kaposváriakért Egyesület-DK-JOBBIK-LMP-MOMENTUM-MSZP,#AAF624,0.36496812,Szőlősgazdák,#F2A175,0.021366709,0.016025032,#FFCAD2
kapuvar,Kapuvár,0.602472349,0.049446975,0.074170462,0.04603123,0.185914118,0.015940143,0.003090436,0.01008458,0.012849707,0.055155875,0.657074341,0.055395683,0.043405276,0.032853717,0.01558753,0.122541966,0.003357314,0.014628297,Fidesz-KDNP,#FFA500,0.783309353,JOBBIK,#A8A8A8,0.216690647,N/A,#FFFFFF,0,0,#FFCAD2,Fidesz-KDNP,#FFA500,0.76927611,Független,#E5A3AD,0.23072389,N/A,#FFFFFF,0,0,#FFCAD2
karcag,Karcag,0.535491329,0.056647399,0.067206166,0.02805395,0.252793834,0.027283237,0.004084778,0.014566474,0.013872832,0.110586443,0.643716679,0.04737243,0.025894897,0.036405179,0.014470678,0.096268088,0.008073115,0.01721249,Fidesz-KDNP,#FFA500,0.674844564,JOBBIK,#A8A8A8,0.22685263,Független,#E5A3AD,0.098302806,0,#FFCAD2,Fidesz-KDNP,#FFA500,0.741363124,Jobbik ,#A8A8A8,0.258707426,N/A,#FFFFFF,0,0,#FFCAD2
kazincbarcika,Kazincbarcika,0.320458063,0.061281337,0.190343547,0.06901888,0.29811204,0.026307645,0.004023522,0.017455896,0.012999071,0.103886398,0.348031888,0.091429995,0.042227205,0.117090184,0.014823119,0.254733433,0.006352765,0.021425012,MSZP-DK-EGYÜTT-PM,#FF3232,0.589089661,Fidesz-KDNP,#FFA500,0.270242452,JOBBIK,#A8A8A8,0.116308326,0.024359561,#FFCAD2,MSZP-Párbeszéd-DK-MOMENTUM,#AAF624,0.617500326,Fidesz-KDNP,#FFA500,0.31987738,Kovácsné Téglási Kinga,#E5A3AD,0.033167655,0.029454639,#FFCAD2
kecskemet,Kecskemét,0.476007005,0.099395001,0.107419201,0.051727432,0.184492915,0.043177838,0.004728546,0.02114313,0.011908932,0.058144219,0.507801799,0.108580636,0.03126091,0.059460185,0.033409427,0.167503693,0.003464482,0.030374648,Fidesz-KDNP,#FFA500,0.593075205,Független,#E5A3AD,0.225539836,JOBBIK,#A8A8A8,0.098399106,0.082985853,#FFCAD2,Fidesz-KDNP,#FFA500,0.576920657,SZÖVETSÉG A HÍRÖS VÁROSÉRT,#F2A175,0.387729451,Mi Hazánk,#4C924C,0.024262386,0.011087505,#FFCAD2
kerepes,Kerepes,0.446235637,0.101697822,0.128279883,0.060367004,0.191733836,0.030183502,0.006859887,0.024181101,0.010461327,0.060699588,0.480452675,0.117541152,0.035751029,0.063786008,0.022376543,0.184670782,0.002572016,0.032150206,ÖKE,#F2A175,0.45755237,Független,#E5A3AD,0.236493936,JOBBIK,#A8A8A8,0.132028666,0.173925028,#FFCAD2,DK-JOBBIK-LMP-MOMENTUM-MSZP-PÁRBESZÉD,#AAF624,0.346819399,Fidesz-KDNP,#FFA500,0.310887335,Springer Friedrich,#E5A3AD,0.17619093,0.166102336,#FFCAD2
keszthely,Keszthely,0.4816804,0.090862272,0.095276633,0.057607416,0.202251324,0.044290759,0.004561507,0.0175103,0.005959388,0.061321377,0.554529869,0.089542397,0.03323223,0.051562706,0.019649215,0.168403007,0.002505605,0.019253594,Fidesz-KDNP,#FFA500,0.531191885,JOBBIK,#A8A8A8,0.224344886,MSZP,#FF3232,0.156720203,0.087743026,#FFCAD2,Fidesz-KDNP,#FFA500,0.616126809,KÉVE,#F2A175,0.383873191,N/A,#FFFFFF,0,0,#FFCAD2
kiskoros,Kiskőrös,0.637631976,0.05115636,0.07239819,0.029034691,0.160759175,0.023755656,0.001508296,0.011814982,0.011940674,0.051519155,0.68805435,0.062842046,0.029439517,0.037931685,0.01321004,0.093602567,0.002453293,0.020947349,Fidesz-KDNP,#FFA500,1,N/A,#FFFFFF,0,N/A,#FFFFFF,0,0,#FFCAD2,Fidesz-KDNP,#FFA500,1,N/A,#FFFFFF,0,N/A,#FFFFFF,0,0,#FFCAD2
kiskunfelegyhaza,Kiskunfélegyháza,0.530682459,0.067794698,0.120304569,0.034912578,0.18285392,0.032261703,0.003102087,0.017258883,0.010829103,0.065681773,0.5741665,0.074765422,0.027550409,0.069175484,0.025753643,0.133160311,0.004891196,0.024855261,Nemzeti Fórum,#F2A175,0.54931677,Fidesz-KDNP,#FFA500,0.243643892,MSZP-DK,#FF3232,0.100538302,0.106501035,#FFCAD2,Nemzeti Fórum,#FFA500,0.571368888,Veled a Városunkért Egyesület,#F2A175,0.428631112,N/A,#FFFFFF,0,0,#FFCAD2
kiskunhalas,Kiskunhalas,0.527561432,0.062730182,0.089416169,0.045342027,0.211737004,0.028436877,0.003079152,0.020648433,0.011048723,0.066562605,0.571635634,0.063775226,0.05563608,0.047385439,0.017950719,0.147062103,0.005128777,0.024863418,Fidesz-KDNP,#FFA500,0.507352941,SHT,#F2A175,0.365079365,JOBBIK,#A8A8A8,0.127567694,0,#FFCAD2,Fidesz-KDNP,#FFA500,0.604172535,Mindenki Magyarországa,#1D52E2,0.32815112,Mi Hazánk-MIÉP-FKGP,#4C924C,0.067676346,0,#FFCAD2
kiskunmajsa,Kiskunmajsa,0.60339478,0.044168644,0.089067348,0.03175762,0.197481292,0.012228509,0.002372696,0.010220843,0.009308268,0.065328139,0.667066227,0.056038358,0.044650884,0.038058136,0.014384177,0.09949056,0.001198681,0.013784837,ÉK,#F2A175,0.363511973,EKE,#E5A3AD,0.259293044,Fidesz-KDNP-Nemzeti Fórum-PSZM,#FFA500,0.17377423,0.203420753,#FFCAD2,Fidesz-KDNP-Nemzeti Fórum-ÉKE,#FFA500,0.64285044,EKE,#F2A175,0.331849671,Független,#E5A3AD,0.025299889,0,#FFCAD2
kistarcsa,Kistarcsa,0.461435098,0.109110454,0.122144585,0.050255308,0.184090298,0.035071217,0.007256114,0.021365224,0.009271701,0.057008582,0.498774009,0.127298733,0.03228443,0.057212914,0.022476502,0.167552105,0.003064978,0.034327748,Fidesz-KDNP,#FFA500,0.413831567,Független,#E5A3AD,0.222253207,KIVE,#F2A175,0.208031233,0.155883993,#FFCAD2,Fidesz-KDNP,#FFA500,0.518291283,Jobbik,#A8A8A8,0.438859815,Független,#E5A3AD,0.042848902,0,#FFCAD2
kisujszallas,Kisújszállás,0.512852331,0.049813863,0.102286829,0.040950186,0.254742067,0.015422797,0.002304556,0.010990959,0.010636412,0.107394906,0.534519791,0.05922062,0.034673213,0.070573796,0.018103713,0.144216017,0.010432648,0.020865296,FIDESZ-NAGYKUN POLGÁRI K,#FFA500,0.661942722,JOBBIK,#A8A8A8,0.227044582,DK,#0000CE,0.074402126,0.03661057,#FFCAD2,Fidesz-KDNP-Nagykun Polgári Kör,#FFA500,0.597363652,Jobbik,#A8A8A8,0.26456534,MSZP-DK,#FF3232,0.09187855,0.046192457,#FFCAD2
kisvarda,Kisvárda,0.499571698,0.061075895,0.114870653,0.042401919,0.22100394,0.029724173,0.005310947,0.013448689,0.012592085,0.076753175,0.533406957,0.072335726,0.020062581,0.076569115,0.016197313,0.1881097,0.005521811,0.011043622,Fidesz-KDNP,#FFA500,0.85851927,JOBBIK,#A8A8A8,0.14148073,N/A,#FFFFFF,0,0,#FFCAD2,Fidesz-KDNP,#FFA500,0.676873161,Perdiák János,#E5A3AD,0.280828105,Dócs Attila,#E5A3AD,0.042298733,0,#FFCAD2
komarom,Komárom,0.474052293,0.078915998,0.096797266,0.07796233,0.19661448,0.032504172,0.004768338,0.025431137,0.012953986,0.055571677,0.543093442,0.065728381,0.042948346,0.042948346,0.020458503,0.197330238,0.006529309,0.025391759,Fidesz-KDNP,#FFA500,0.594823805,Független,#E5A3AD,0.333966954,JOBBIK,#A8A8A8,0.071209241,0,#FFCAD2,Fidesz-KDNP,#FFA500,0.541318194,KMRM-DK-JOBBIK-MSZP-MMM-MOMENTUM,#AAF624,0.329194819,FCK Egyesület,#F2A175,0.129486987,0,#FFCAD2
komlo,Komló,0.382614422,0.0856108,0.156157392,0.105202502,0.222917353,0.014323345,0.005432993,0.014076391,0.013664801,0.066171595,0.422755603,0.060999867,0.030367325,0.084206339,0.023073863,0.283649383,0.006365204,0.022410821,Fidesz-KDNP,#FFA500,0.419023136,MSZP-DK,#FF3232,0.31311054,TKEGY,#F2A175,0.150899743,0.116966581,#FFCAD2,Fidesz-KDNP,#FFA500,0.528890504,Komló Összeköt Egyesület,#AAF624,0.471109496,N/A,#FFFFFF,0,0,#FFCAD2
kormend,Körmend,0.570691311,0.06180989,0.081493039,0.035405665,0.187590014,0.034805569,0.003960634,0.017162746,0.007081133,0.091163793,0.64612069,0.056465517,0.028448276,0.044827586,0.015948276,0.102155172,0.001077586,0.013793103,Fidesz-KDNP,#FFA500,0.627703399,Független,#E5A3AD,0.201596292,MSZP,#FF3232,0.088825953,0.081874356,#FFCAD2,Fidesz-KDNP,#FFA500,0.700625424,Független,#E5A3AD,0.299374576,N/A,#FFFFFF,0,0,#FFCAD2
koszeg,Kőszeg,0.569116967,0.058252427,0.113268608,0.041146556,0.164123902,0.023116043,0.004623209,0.012328556,0.014023732,0.060411595,0.59836247,0.077893339,0.029873866,0.053109095,0.017039168,0.138083647,0.002434167,0.022792653,Fidesz-KDNP,#FFA500,0.53657159,Független,#E5A3AD,0.30415137,JOBBIK,#A8A8A8,0.15927704,0,#FFCAD2,Fidesz-KDNP,#FFA500,0.58335967,Mindenki Magyarországa,#1D52E2,0.293394955,Független,#E5A3AD,0.123245374,0,#FFCAD2
lajosmizse,Lajosmizse,0.618300423,0.062588152,0.055535966,0.027327221,0.199400564,0.015338505,0.002997179,0.008638928,0.009873061,0.072074883,0.662090484,0.049609984,0.039625585,0.03525741,0.018720749,0.098283931,0.001872075,0.022464899,Fidesz-KDNP,#FFA500,0.49276255,GAZDAKÖR-LMIZSE,#F2A175,0.42408377,Független,#E5A3AD,0.08315368,0,#FFCAD2,Fidesz-KDNP,#FFA500,0.572974109,Lajosmizsei Gazdakör,#F2A175,0.390826403,Mi Hazánk-MIÉP-FKGP,#4C924C,0.036199488,0,#FFCAD2
maglod,Maglód,0.443821839,0.078735632,0.111925287,0.070689655,0.22112069,0.03204023,0.005603448,0.019396552,0.016666667,0.054424988,0.486038807,0.109559867,0.042120208,0.05560814,0.024372929,0.192143871,0.005205868,0.030525319,Tabányi Pál,#E5A3AD,0.6816,Szentirmai Zoltán,#E5A3AD,0.1829,DK-EGYÜTT-MSZP,#0000CE,0.1356,0,#FFCAD2,Tabányi Pál,#E5A3AD,1,N/A,#FFFFFF,0,N/A,#FFFFFF,0,0,#FFCAD2
mako,Makó,0.52035061,0.049771341,0.107088415,0.037728659,0.23742378,0.01554878,0.002820122,0.015853659,0.013414634,0.068003688,0.569502075,0.064891655,0.043453204,0.056016598,0.014753343,0.158483172,0.005071462,0.019824804,Fidesz-KDNP,#FFA500,0.44430149,PSZM-MSZP-DK,#FF3232,0.423180015,JOBBIK,#A8A8A8,0.132518495,0,#FFCAD2,Fidesz-KDNP,#FFA500,0.628447976,VKKP,#F2A175,0.332139424,Mi Hazánk,#4C924C,0.039412599,0,#FFCAD2
marcali,Marcali,0.445470002,0.062788438,0.107966966,0.047121691,0.278115132,0.032062181,0.005829487,0.014209376,0.006436726,0.146563621,0.504554237,0.048026497,0.026773392,0.060999172,0.011316588,0.18768976,0.005244273,0.008832459,MOTTE,#F2A175,0.566466767,Fidesz-KDNP,#FFA500,0.433533233,N/A,#FFFFFF,0,0,#FFCAD2,MOTTE,#F2A175,0.539469824,Fidesz-KDNP,#FFA500,0.423076923,Független,#E5A3AD,0.037445303,0,#FFCAD2
mateszalka,Mátészalka,0.467853348,0.046581651,0.104055969,0.047024442,0.284891959,0.025947574,0.003099539,0.012221041,0.008324478,0.072896873,0.569182933,0.061495941,0.035411988,0.064778027,0.012955605,0.163067887,0.003282087,0.016928658,Fidesz-KDNP,#FFA500,0.603217158,Független,#E5A3AD,0.396782842,N/A,#FFFFFF,0,0,#FFCAD2,Fidesz-KDNP,#FFA500,0.648237157,TESZ Mátészalka,#F2A175,0.351762843,N/A,#FFFFFF,0,0,#FFCAD2
mezobereny,Mezőberény,0.439038802,0.057120347,0.109119559,0.065983849,0.278904865,0.018120938,0.004136301,0.011030136,0.016545204,0.1041883,0.468328141,0.069574247,0.041190723,0.056074766,0.031498789,0.202492212,0.00657667,0.020076151,Siklósi István,#E5A3AD,0.8506,Öreg István,#E5A3AD,0.1494,N/A,#FFFFFF,0,0,#FFCAD2,Siklósi István,#E5A3AD,0.744,Csollár Norbert,#F2A175,0.256,N/A,#FFFFFF,0,0,#FFCAD2
mezokovesd,Mezőkövesd,0.464751498,0.06670779,0.096757138,0.037275291,0.277317589,0.027141346,0.003965456,0.017095523,0.008988368,0.081967213,0.549508197,0.066393443,0.050327869,0.060163934,0.014918033,0.150327869,0.00442623,0.021967213,Fidesz-KDNP,#FFA500,0.599935265,JOBBIK,#A8A8A8,0.221556886,MSZP,#FF3232,0.142741544,0.035766305,#FFCAD2,Fidesz-KDNP,#FFA500,0.753547504,Mi Hazánk,#4C924C,0.246452496,N/A,#FFFFFF,0,0,#FFCAD2
mezotur,Mezőtúr,0.439440994,0.042480035,0.107808341,0.041592724,0.318544809,0.016858917,0.002994676,0.013198758,0.017080745,0.150037369,0.492526158,0.049887892,0.046150972,0.068198804,0.013266069,0.150784753,0.006352765,0.022795217,Fidesz-KDNP,#FFA500,0.484394001,JOBBIK,#A8A8A8,0.284758816,MSZP,#FF3232,0.17389542,0.056951763,#FFCAD2,Fidesz-KDNP,#FFA500,0.569811091,TEKE,#F2A175,0.430188909,N/A,#FFFFFF,0,0,#FFCAD2
miskolc,Miskolc,0.392617524,0.061353454,0.167387379,0.059414217,0.255934735,0.027684283,0.00388962,0.015402447,0.016316341,0.120916145,0.458449076,0.076381297,0.035663722,0.081005036,0.017419667,0.183031954,0.004785032,0.022348071,Fidesz-KDNP,#FFA500,0.42371572,MSZP-DK-MISKOLC-LOKÁLPAT,#FF3232,0.332644802,JOBBIK,#A8A8A8,0.205300015,0.038339463,#FFCAD2,Fidesz-KDNP,#FFA500,0.489295372,Függetlenek Szíve-MSZP-MOMENTUM-PÁRBESZÉD-JOBBIK-DK-MMM-Velünk a Város,#AAF624,0.445821384,Mi Hazánk,#4C924C,0.029701924,0.035181321,#FFCAD2
mohacs,Mohács,0.541183025,0.075958771,0.104373665,0.04819389,0.161110595,0.033707865,0.001764324,0.019778995,0.01392887,0.042321847,0.596855135,0.075276012,0.036968886,0.049682168,0.017397123,0.153730345,0.006189361,0.021579123,Fidesz-KDNP,#FFA500,0.697170006,MSZP,#FF3232,0.117124561,DK,#0000CE,0.105763272,0.079942161,#FFCAD2,MSZP,#FF3232,1,N/A,#FFFFFF,0,N/A,#FFFFFF,0,0,#FFCAD2
monor,Monor,0.500180018,0.068226823,0.094509451,0.043654365,0.224122412,0.029162916,0.005940594,0.022412241,0.011791179,0.062434964,0.591050989,0.079257718,0.032258065,0.043704475,0.017689906,0.138744364,0.003121748,0.031737773,Fidesz-KDNP,#FFA500,0.644662921,JOBBIK,#A8A8A8,0.214653558,DK,#0000CE,0.140683521,0,#FFCAD2,Fidesz-KDNP,#FFA500,1,N/A,#FFFFFF,0,N/A,#FFFFFF,0,0,#FFCAD2
mor,Mór,0.531589633,0.057327123,0.095903499,0.034037979,0.230144512,0.026274931,0.002985788,0.011465425,0.01027111,0.072597865,0.553914591,0.08202847,0.064234875,0.052491103,0.01797153,0.134163701,0.003380783,0.019217082,Fidesz-KDNP,#FFA500,0.818493885,JOBBIK,#A8A8A8,0.181506115,N/A,#FFFFFF,0,0,#FFCAD2,Fidesz-KDNP,#FFA500,0.675069297,MVJE-MMM-JOBBIK-MOMENTUM-MSZP-PÁRBESZÉD-LMP-DK,#AAF624,0.273802175,Mi Hazánk,#4C924C,0.051128528,0,#FFCAD2
mosonmagyarovar,Mosonmagyaróvár,0.469580917,0.085184375,0.114180983,0.063245432,0.197669329,0.030966189,0.005306926,0.023361418,0.010504432,0.057953144,0.510291188,0.083088305,0.030541592,0.054538556,0.021720573,0.209143508,0.005121882,0.027601252,Fidesz-KDNP-Nemzeti Fórum-MPKE-LABE,#FFA500,0.518568353,MSZP-SZOCIÁLDEMOKRATÁK,#FF3232,0.191200215,JOBBIK,#A8A8A8,0.145182992,0.145048439,#FFCAD2,Fidesz-KDNP,#FFA500,0.62710898,Jobbik,#A8A8A8,0.143752015,DK-MSZP,#0000CE,0.124031021,0.105107984,#FFCAD2
nagyatad,Nagyatád,0.386902773,0.05763448,0.133979285,0.075008353,0.30955563,0.014700969,0.004677581,0.006849315,0.010691614,0.148381788,0.413878223,0.065551289,0.026330225,0.071311026,0.012890839,0.246297312,0.004388371,0.010970927,Nagyatádért,#F2A175,0.444032445,Fidesz-KDNP,#FFA500,0.367555041,JOBBIK,#A8A8A8,0.188412514,0,#FFCAD2,Nagyatádért,#F2A175,0.577399132,Fidesz-KDNP,#FFA500,0.376732467,Független,#E5A3AD,0.045868401,0,#FFCAD2
nagykanizsa,Nagykanizsa,0.438269264,0.068677814,0.128288226,0.079538011,0.229822444,0.029477676,0.003826926,0.01244613,0.009653508,0.06758158,0.489539494,0.072827081,0.034339738,0.061238182,0.017932296,0.236230558,0.002744739,0.017566331,Fidesz-KDNP,#FFA500,0.501182612,JOBBIK,#A8A8A8,0.134246799,EGYÜTT-DK,#62C400,0.112715113,0.251855477,#FFCAD2,Fidesz-KDNP,#FFA500,0.546158364,ÉVE-DK-JOBBIK-MSZP-LMP-MOMENTUM,#AAF624,0.418721374,Nagykanizsáért Egyesület,#F2A175,0.035120262,0,#FFCAD2
nagykata,Nagykáta,0.48824934,0.063843157,0.090360689,0.035691844,0.263792887,0.02488375,0.00502702,0.018851326,0.009299987,0.09261242,0.581905782,0.057280514,0.049250535,0.054336188,0.014186296,0.125802998,0.004014989,0.020610278,Fidesz-KDNP,#FFA500,0.4142,Pintácsi Károly Imre,#E5A3AD,0.2495,Dr. Salibáné Dr. Pap Terézia,#E5A3AD,0.1937,0.1427,#FFCAD2,Fidesz-KDNP,#FFA500,0.576921129,Ébredj Káta,#AAF624,0.378302708,FKGP,#F2A175,0.044776164,0,#FFCAD2
nagykoros,Nagykőrös,0.542975697,0.054534677,0.090862901,0.046235922,0.218223389,0.021254975,0.002201711,0.013548988,0.010161741,0.070642733,0.571656051,0.065720903,0.035900405,0.060654314,0.018239722,0.154169079,0.003618992,0.0193978,Fidesz-KDNP,#FFA500,0.579194631,Jobb Nagykőrös,#F2A175,0.313422819,MSZP,#FF3232,0.10738255,0,#FFCAD2,Fidesz-KDNP,#FFA500,0.592560154,Jobb Nagykőrösért,#F2A175,0.247823781,Független,#E5A3AD,0.159616065,0,#FFCAD2
nyirbator,Nyírbátor,0.458655855,0.037473891,0.230249416,0.025064504,0.204447721,0.023958717,0.002948765,0.010443543,0.006757587,0.066611842,0.499725877,0.038651316,0.03125,0.22066886,0.010964912,0.117598684,0.003563596,0.010964912,Máté Antal,#E5A3AD,0.4772,Fidesz-KDNP,#FFA500,0.380689392,Baracsi Balázs János,#E5A3AD,0.0781,0.0639,#FFCAD2,NYÍRBÁTOR JÖVŐJÉÉRT EGYESÜLET-MSZP-PÁRBESZÉD-MOMENTUM-ÖSSSZEFOGÁS MEGYÉNKÉRT-DK,#AAF624,0.583927924,Fidesz-KDNP,#FFA500,0.377769807,Független,#E5A3AD,0.038302269,0,#FFCAD2
nyiregyhaza,Nyíregyháza,0.410824854,0.070116187,0.169748142,0.0617594,0.217045537,0.034913762,0.005628924,0.016944505,0.013018691,0.068841305,0.462252351,0.104262558,0.030818491,0.086551931,0.020037022,0.200820492,0.003727236,0.022688613,Fidesz-KDNP,#FFA500,0.473534945,MSZP-DK-EGYÜTT-PM-F-E--ÖSSZEFOGÁS,#FF3232,0.302979249,JOBBIK,#A8A8A8,0.105326707,0.118159099,#FFCAD2,Fidesz-KDNP,#FFA500,0.541255159,MMM-LMP-Függetlenek Egyesülete-JOBBIK-MSZP-PÁRBESZÉD-MOMENTUM-DK,#AAF624,0.458744841,N/A,#FFFFFF,0,0,#FFCAD2
oroshaza,Orosháza,0.43447389,0.063737001,0.131331768,0.037906743,0.269875881,0.028625741,0.006988706,0.01431287,0.0127474,0.111722171,0.484468887,0.073429066,0.032895407,0.082187595,0.017618902,0.166921275,0.008962216,0.02179448,Fidesz-KDNP,#FFA500,0.503239741,MSZP,#FF3232,0.258939285,JOBBIK,#A8A8A8,0.1737461,0.064074874,#FFCAD2,Fidesz-KDNP,#FFA500,0.558260094,Közösen Orosháza Városáért-JOBBIK-DK-MOMENTUM-MMM,#1D52E2,0.311859551,MSZP,#FF3232,0.110719624,0.019160731,#FFCAD2
oroszlany,Oroszlány,0.407818278,0.064976228,0.164923402,0.075858426,0.232752245,0.020073957,0.00306392,0.019651347,0.010882198,0.074958356,0.441051268,0.070146215,0.033129743,0.071441792,0.016657413,0.260410883,0.0031464,0.029057931,MSZP-DK-EGYÜTT,#FF3232,0.452183327,Fidesz-KDNP,#FFA500,0.389209672,JOBBIK,#A8A8A8,0.120894984,0.037712017,#FFCAD2,OLPK,#F2A175,0.59296196,Fidesz-KDNP,#FFA500,0.40703804,N/A,#FFFFFF,0,0,#FFCAD2
ozd,Ózd,0.430296444,0.043772263,0.113264505,0.06140192,0.307371853,0.016241019,0.003199903,0.009841212,0.01461088,0.156855576,0.46496039,0.03583181,0.040097502,0.079341865,0.011334552,0.184399756,0.011578306,0.015600244,JOBBIK,#A8A8A8,0.6444,Fidesz-KDNP,#FFA500,0.3176,MSZP-DK,#FF3232,0.0325,0.0055,#FFCAD2,Ózdiakért és Ódzért Egyesület,#F2A175,0.482636988,Fidesz-KDNP,#FFA500,0.371807644,Vitális István,#E5A3AD,0.125757303,0.019798064,#FFCAD2
paks,Paks,0.504513861,0.056962531,0.118079412,0.044499481,0.196372933,0.040664696,0.006311416,0.019094032,0.013501638,0.065062389,0.544266191,0.100415924,0.035056447,0.066250743,0.011586453,0.148841355,0.006981581,0.021538919,NP,#F2A175,0.777899824,Fidesz-KDNP,#FFA500,0.222100176,N/A,#FFFFFF,0,0,#FFCAD2,Fidesz-KDNP,#FFA500,0.646354648,PDF,#F2A175,0.353645352,N/A,#FFFFFF,0,0,#FFCAD2
papa,Pápa,0.513766842,0.051925228,0.119507909,0.051179635,0.214251478,0.02316664,0.004367045,0.013314161,0.008521063,0.082387371,0.570769777,0.062433487,0.030773324,0.054274565,0.014366797,0.162735012,0.002660518,0.019599149,Fidesz-KDNP,#FFA500,0.478588595,MSZP-EGYÜTT-PM,#FF3232,0.313087175,Független,#E5A3AD,0.164190518,0.044133712,#FFCAD2,Fidesz-KDNP,#FFA500,0.575090799,DK-JOBBIK-LMP-MSZP-MOMENTUM-PÁRBESZÉD,#AAF624,0.375712894,Független,#E5A3AD,0.049196307,0,#FFCAD2
pecel,Pécel,0.447637009,0.087974262,0.113379188,0.067672509,0.199689372,0.037497227,0.006656312,0.02429554,0.01519858,0.052423698,0.501436266,0.127468582,0.037701975,0.056373429,0.021005386,0.168402154,0.002333932,0.032854578,2119 EGYESÜLET,#F2A175,0.426015654,MSZP-DK-EGYÜTT,#FF3232,0.270406262,Fidesz-KDNP,#FFA500,0.203317182,0.100260902,#FFCAD2,2119 Egyesület,#FFA500,0.458750558,Közösség Pécelért Egyesület,#F2A175,0.420398399,Karsai András,#E5A3AD,0.048340417,0.072510626,#FFCAD2
pecs,Pécs,0.379722937,0.11074269,0.139806009,0.076723385,0.204882826,0.041606684,0.009557973,0.025664928,0.011292568,0.053648595,0.427490423,0.134263016,0.026475195,0.07695356,0.036514257,0.203083426,0.003660861,0.037910667,Fidesz-KDNP,#FFA500,0.39279641,FORUM-MSZP-EGYÜTT-PM,#FF3232,0.280207841,JOBBIK,#A8A8A8,0.122697213,0.204298536,#FFCAD2,Mindenki Pécsért Egyesület,#AAF624,0.482144178,Fidesz-KDNP-ÖPE,#FFA500,0.450885435,LMP,#62C400,0.034495692,0.032474696,#FFCAD2
pilis,Pilis,0.505425786,0.053706088,0.119551223,0.041199191,0.2225492,0.02078352,0.004414199,0.012690822,0.019679971,0.068047337,0.556213018,0.065088757,0.033859303,0.065088757,0.021367521,0.15581854,0.004602235,0.02991453,PILISIVÁLLALKOZÓK,#F2A175,0.326570048,Fidesz-KDNP,#FFA500,0.268276973,MSZP,#FF3232,0.196779388,0.208373591,#FFCAD2,Szabó Márton,#FFA500,0.439685308,Hajnal Csilla,#E5A3AD,0.367147507,DK,#0000CE,0.126734026,0.066433159,#FFCAD2
pilisvorosvar,Pilisvörösvár,0.511974022,0.078744419,0.087944798,0.06102016,0.17818969,0.038154512,0.010959275,0.020836152,0.012176972,0.038800375,0.575632615,0.117338332,0.032989691,0.040299906,0.023242737,0.140581068,0.003561387,0.027553889,VKE,#F2A175,0.530869383,Fidesz-KDNP,#FFA500,0.334313314,Független,#E5A3AD,0.085888282,0.048929021,#FFCAD2,Vörösvárért Közéleti Egyesület,#F2A175,0.503633774,Fidesz-KDNP,#FFA500,0.426077497,TEVŐ,#F2A175,0.070288729,0,#FFCAD2
pomaz,Pomáz,0.451433764,0.104806139,0.118134087,0.072596931,0.151252019,0.048364297,0.013933764,0.02766559,0.011813409,0.042955086,0.483839373,0.141597873,0.028683364,0.05946551,0.027424094,0.166643347,0.003218133,0.04617322,Fidesz-KDNP,#FFA500,0.345654878,JOBBIK,#A8A8A8,0.249866714,P.LOKÁLPATRIÓTÁK-EGYÜTT-PM-DK-MSZP,#FF3232,0.181091168,0.22338724,#FFCAD2,Fidesz-KDNP,#FFA500,0.514398622,Független,#E5A3AD,0.485601378,N/A,#FFFFFF,0,0,#FFCAD2
puspokladany,Püspökladány,0.48844376,0.038135593,0.094761171,0.035182332,0.308808423,0.013739086,0.001669235,0.008859784,0.010400616,0.119025305,0.550843486,0.06185567,0.03819119,0.054592315,0.01710403,0.130037488,0.003748828,0.024601687,Fidesz-KDNP,#FFA500,0.3549,Független,#E5A3AD,0.3461,JOBBIK,#A8A8A8,0.206228956,0.0928,#FFCAD2,Fidesz-KDNP,#FFA500,0.530174799,PÜSPÖKLADÁNY JÖVŐJÉÉRT EGYESÜL-VASÚTBARÁT ÉS ÉRTÉKŐR EGYESÜLET-JOBBIK,#A8A8A8,0.192649497,Független,#E5A3AD,0.192649497,0.084526207,#FFCAD2
rackeve,Ráckeve,0.505764796,0.061299001,0.101268255,0.050730208,0.21925442,0.024788624,0.006341276,0.01614143,0.014411991,0.061193578,0.563768555,0.073614056,0.043320206,0.053923054,0.022417449,0.155710391,0.004241139,0.021811572,Fidesz-KDNP,#FFA500,0.60061287,Dr. Czerny Róbert Károly,#E5A3AD,0.2799,Agócs Zoltán,#E5A3AD,0.1195,0,#FFCAD2,Szadai József,#E5A3AD,0.381699286,Fidesz-KDNP,#FFA500,0.254466191,KEVE Egyesület,#F2A175,0.246073269,0.117761254,#FFCAD2
sajoszentpeter,Sajószentpéter,0.372722149,0.043396581,0.170392636,0.072139771,0.302273154,0.014841255,0.002066504,0.009393199,0.012774751,0.145417653,0.412580318,0.060534325,0.032465336,0.082854244,0.018261752,0.2299628,0.004396348,0.013527224,MSZP-DK,#FF3232,0.51424535,Fidesz-KDNP,#FFA500,0.286084295,JOBBIK,#A8A8A8,0.13774429,0.061926065,#FFCAD2,MSZP-DK,#FF3232,0.567301757,File Tamás,#FFA500,0.356768509,Koleszár István,#E5A3AD,0.040495858,0.035433876,#FFCAD2
salgotarjan,Salgótarján,0.430011144,0.062503028,0.193614032,0.063956587,0.197005669,0.020349823,0.004506032,0.015310819,0.012742865,0.05219444,0.471848225,0.060150376,0.036719706,0.12738241,0.014163315,0.211400595,0.00987935,0.016261584,MSZP-DK-EGYÜTT-TVE-ST,#FF3232,0.428776519,Fidesz-KDNP,#FFA500,0.424788643,JOBBIK,#A8A8A8,0.121311214,0.025123624,#FFCAD2,SSZE-DK-JOBBIK-LMP-MOMENTUM-MSZP-PÁRBESZÉD-TVE,#AAF624,0.486297633,Fidesz-KDNP,#FFA500,0.467181949,Mi Hazánk,#4C924C,0.029508096,0.017012322,#FFCAD2
sarbogard,Sárbogárd,0.545234455,0.051223242,0.064857288,0.050203874,0.237640163,0.023700306,0.005988787,0.012487258,0.008664628,0.072717479,0.633180716,0.041745219,0.038244008,0.034204148,0.0134662,0.148666846,0.003501212,0.014274172,FIDESZ,#FFA500,0.641420736,JOBBIK,#A8A8A8,0.21023766,DK-MSZP,#0000CE,0.148341604,0,#FFCAD2,Fidesz-KDNP,#FFA500,0.713829647,DK,#0000CE,0.286170353,N/A,#FFFFFF,0,0,#FFCAD2
sarkad,Sarkad,0.583203386,0.032301181,0.104032078,0.034974382,0.215638227,0.006683003,0.002004901,0.00757407,0.013588773,0.096108022,0.610802224,0.044876886,0.032565528,0.055599682,0.017871326,0.117156473,0.006354249,0.018665608,Fidesz-KDNP,#FFA500,0.428792228,Városszépítő Egy.,#F2A175,0.313093398,Lovas Egy. Sarkad,#E5A3AD,0.242879223,0.015235151,#FFCAD2,Fidesz-KDNP,#FFA500,1,N/A,#FFFFFF,0,N/A,#FFFFFF,0,0,#FFCAD2
sarospatak,Sárospatak,0.461649319,0.089351481,0.124579664,0.048038431,0.220976781,0.011048839,0.003202562,0.011689351,0.029463571,0.082191781,0.522323694,0.074581431,0.032724505,0.076103501,0.01978691,0.165905632,0.004058853,0.022323694,Fidesz-KDNP,#FFA500,1,N/A,#FFFFFF,0,N/A,#FFFFFF,0,0,#FFCAD2,Fidesz-KDNP,#FFA500,0.62795928,Patakért,#F2A175,0.37204072,N/A,#FFFFFF,0,0,#FFCAD2
sarvar,Sárvár,0.510052491,0.087055561,0.126770328,0.03347529,0.166782213,0.040903239,0.003466376,0.017728038,0.013766465,0.066349038,0.553026293,0.087347803,0.02541027,0.071642845,0.020998765,0.149814717,0.004235045,0.021175225,Fidesz-KDNP,#FFA500,0.69375,MSZP-1099-1,#FF3232,0.24625,JOBBIK,#A8A8A8,0.06,0,#FFCAD2,Fidesz-KDNP,#FFA500,0.65893083,Híd a Jövőnkért Egyesület,#F2A175,0.34106917,N/A,#FFFFFF,0,0,#FFCAD2
satoraljaujhely,Sátoraljaújhely,0.418037603,0.075107716,0.119663141,0.05542499,0.260282021,0.027027027,0.004014884,0.014296906,0.026145711,0.070410729,0.514459346,0.056789606,0.038348701,0.077535624,0.012992456,0.20620285,0.004400671,0.018860017,Fidesz-KDNP,#FFA500,0.722758055,JOBBIK,#A8A8A8,0.145085163,MSZP,#FF3232,0.132156782,0,#FFCAD2,Fidesz-KDNP,#FFA500,0.627289205,MSZP-Jobbik,#FF3232,0.341999365,Független,#E5A3AD,0.03071143,0,#FFCAD2
siklos,Siklós,0.458909683,0.066110659,0.136899919,0.067127746,0.219690806,0.019121237,0.004882018,0.017493897,0.009764036,0.058293076,0.526247987,0.073429952,0.034782609,0.06215781,0.017069243,0.196135266,0.004830918,0.02705314,Dr. Marenics János,#E5A3AD,0.4118,Fidesz-KDNP,#FFA500,0.300488599,Ottó Krisztián Ottó,#E5A3AD,0.196,0.0918,#FFCAD2,0,0,0,0,0,0,0,0,0,0,#FFCAD2
siofok,Siófok,0.461688629,0.071437286,0.127318204,0.052281601,0.223279649,0.035139092,0.004575403,0.016532455,0.007747682,0.061470023,0.525022748,0.094125973,0.029218481,0.057931453,0.017996158,0.190172884,0.002628652,0.021433627,Dr. Lengyel Róbert,#E5A3AD,0.6216,Fidesz-KDNP,#FFA500,0.35061831,Kelemen László Zoltán,#E5A3AD,0.0277,0,#FFCAD2,BSE,#AAF624,0.458423129,Fidesz-KDNP,#FFA500,0.371851926,ESE,#F2A175,0.113149964,0.056574982,#FFCAD2
solymar,Solymár,0.479547987,0.143084514,0.10504536,0.064300493,0.108546873,0.055069234,0.009708738,0.028330415,0.006366385,0.029318542,0.535855784,0.1590729,0.017432647,0.051307448,0.032091918,0.136291601,0.000792393,0.037836767,Fidesz-KDNP,#FFA500,1,N/A,#FFFFFF,0,N/A,#FFFFFF,0,0,#FFCAD2,Fidesz-KDNP,#FFA500,0.620596312,Budakörnyék Fejlődéséért Egyesület,#AAF624,0.379403688,N/A,#FFFFFF,0,0,#FFCAD2
sopron,Sopron,0.507310109,0.077669903,0.136207881,0.04486008,0.154254712,0.043546545,0.00391205,0.022558538,0.009680183,0.049115505,0.551716961,0.104183143,0.032882414,0.064516129,0.02351717,0.146472425,0.002788762,0.024807492,Fidesz-KDNP,#FFA500,0.459909082,Független,#E5A3AD,0.4292,JOBBIK,#A8A8A8,0.097108038,0.0137,#FFCAD2,Fidesz-KDNP,#FFA500,0.581533164,Független,#E5A3AD,0.399446173,Párbeszéd,#62C400,0.019020664,0,#FFCAD2
szarvas,Szarvas,0.502086563,0.066412305,0.106235841,0.042327411,0.239418147,0.017527125,0.003100036,0.012400143,0.010492429,0.105888808,0.5082297,0.076810534,0.057607901,0.067117776,0.021762985,0.131492319,0.006035113,0.025054865,Fidesz-KDNP,#FFA500,0.512058024,NACSE,#F2A175,0.217769719,JOBBIK,#A8A8A8,0.183318223,0.086854034,#FFCAD2,Fidesz-KDNP,#FFA500,0.456245625,Pártai Lúcia,#E5A3AD,0.160516957,Jobbik,#A8A8A8,0.142947549,0.24028987,#FFCAD2
szazhalombatta,Százhalombatta,0.402092127,0.078363002,0.160396403,0.076619563,0.200036704,0.038080382,0.006790237,0.022664709,0.014956873,0.050820842,0.430264097,0.112491078,0.034261242,0.063383298,0.025553176,0.245824411,0.004996431,0.032405425,ÉSZKE,#F2A175,0.697015149,Fidesz-KDNP,#FFA500,0.211189441,MSZP,#FF3232,0.09179541,0,#FFCAD2,ÉSZKE,#FFA500,0.543789061,A Mi Városunk Jövőjéért-DK-MOMENTUM-JOBBIK,#1D52E2,0.456210939,N/A,#FFFFFF,0,0,#FFCAD2
szeged,Szeged,0.370663298,0.105514035,0.22264215,0.050384305,0.155038431,0.045352244,0.008981273,0.031391991,0.010032273,0.032069284,0.407567477,0.129151602,0.036172538,0.185689061,0.023324645,0.14500967,0.003010174,0.038005549,MSZP-DK-EGYÜTT-PM-Szegedért,#FF3232,0.582152173,Fidesz-KDNP-L.É.T. EGYESÜLET,#FFA500,0.368804802,JOBBIK,#A8A8A8,0.032700588,0.016342437,#FFCAD2,Összefogás Szegedért Egyesület,#AAF624,0.526741521,Nemesi Pál,#FFA500,0.381295053,Tisza Koalíció,#F2A175,0.054096133,0.037867293,#FFCAD2
szekesfehervar,Székesfehérvár,0.462084337,0.090089647,0.125473229,0.072537162,0.169723192,0.042742187,0.005998328,0.019601095,0.011750824,0.049687858,0.498280036,0.121212893,0.029455982,0.066072111,0.023467958,0.17673589,0.004331762,0.03075551,FIDESZ,#FFA500,0.64504986,MSZP-EGYÜTT,#FF3232,0.227106824,JOBBIK,#A8A8A8,0.064361598,0.063481718,#FFCAD2,Fidesz,#FFA500,0.579159537,DK-JOBBIK-LMP-MINDENKI MAGYARORSZÁGA-MOMENTUM-MSZP-PÁRBESZÉD,#AAF624,0.368243759,Válasz Független Civilek,#F2A175,0.031558023,0.021038682,#FFCAD2
szekszard,Szekszárd,0.46670941,0.132767804,0.143913987,0.049368712,0.141990531,0.031811008,0.00409351,0.020418228,0.00892681,0.037088023,0.515993198,0.099765163,0.03360596,0.085351041,0.028504332,0.170540125,0.002834238,0.02631792,Fidesz-KDNP,#FFA500,0.4662,LMP,#4C924C,0.417,JOBBIK,#A8A8A8,0.0749,0.0419,#FFCAD2,Fidesz-KDNP,#FFA500,0.560300494,ÉSZ,#F2A175,0.411,Mi Hazánk,#4C924C,0.029278856,0,#FFCAD2
szentendre,Szentendre,0.436866209,0.117380874,0.119289063,0.064496783,0.138861629,0.056754989,0.021480755,0.037509541,0.007360157,0.036057069,0.492174665,0.151578037,0.02464332,0.059403372,0.025248595,0.160570687,0.001988759,0.048335495,Fidesz-KDNP,#FFA500,0.429606401,TESZ,#F2A175,0.336288927,MSZP,#FF3232,0.109969723,0.124134948,#FFCAD2,Fidesz-KDNP,#FFA500,0.515295127,TESZ,#F2A175,0.43175069,Szentendrei Nemzeti Konzervatív Kör,#F2A175,0.052954184,0,#FFCAD2
szentes,Szentes,0.465021286,0.073006559,0.105051202,0.039063399,0.240823841,0.035266368,0.006155793,0.019502934,0.016108618,0.090623033,0.496643591,0.081183134,0.058737151,0.069855255,0.020872666,0.148416195,0.006503042,0.027165932,MSZP-DK-EGYÜTT-PM,#FF3232,0.478905764,Fidesz-KDNP,#FFA500,0.433875122,JOBBIK,#A8A8A8,0.087219114,0,#FFCAD2,Jövőnk Szentes Egyesület,#F2A175,0.479199579,Fidesz-KDNP,#FFA500,0.438858345,Független,#E5A3AD,0.081942076,0,#FFCAD2
szigethalom,Szigethalom,0.39766147,0.069821826,0.14376392,0.071603563,0.243095768,0.034632517,0.007349666,0.018930958,0.013140312,0.072148327,0.445384925,0.10560258,0.031237404,0.065699315,0.019750101,0.223700121,0.004836759,0.031640468,ÖSSZE,#F2A175,0.532087912,Fidesz-KDNP,#FFA500,0.287472527,JOBBIK,#A8A8A8,0.18043956,0,#FFCAD2,ÖSSZE,#F2A175,0.558626023,Fidesz-KDNP,#FFA500,0.441373977,N/A,#FFFFFF,0,0,#FFCAD2
szigetszentmiklos,Szigetszentmiklós,0.396693092,0.093544734,0.160362401,0.061336353,0.196693092,0.045979615,0.010328426,0.023148358,0.01191393,0.053685832,0.438974941,0.143135188,0.028545941,0.067715514,0.02878923,0.203065445,0.003487146,0.032600762,Fidesz-KDNP,#FFA500,0.57127229,MSZP-DK-EGYÜTT-PM,#FF3232,0.249097473,JOBBIK,#A8A8A8,0.105349524,0.074280713,#FFCAD2,Fidesz-KDNP,#FFA500,0.492629307,DK-MOMENTUM-JOBBIK-MSZP-LMP-MMM,#AAF624,0.404792487,Független,#E5A3AD,0.055951749,0.046626457,#FFCAD2
szigetvar,Szigetvár,0.399588759,0.077039068,0.176422207,0.057847841,0.227278958,0.031802605,0.00726525,0.015490062,0.00726525,0.061180124,0.480434783,0.079192547,0.030124224,0.088509317,0.018944099,0.216149068,0.005900621,0.019565217,Független,#E5A3AD,0.330303656,SZEE,#F2A175,0.296219789,FIDESZ,#FFA500,0.289403016,0.084073539,#FFCAD2,Szigetvárért Tisztességgel Egyesület,#F2A175,0.55075718,Fidesz-KDNP,#FFA500,0.44924282,N/A,#FFFFFF,0,0,#FFCAD2
szolnok,Szolnok,0.390673109,0.073776704,0.155085027,0.061058216,0.250177633,0.032021221,0.004713183,0.017076406,0.015418502,0.069247982,0.435187405,0.09138496,0.050267722,0.093063214,0.021217933,0.205426357,0.007352354,0.026852074,Fidesz-KDNP,#FFA500,0.530294634,MSZP-DK-SZOLIDARITÁS-EGYÜTT,#FF3232,0.273067332,JOBBIK,#A8A8A8,0.143622425,0.053015609,#FFCAD2,Fidesz-KDNP,#FFA500,0.51354309,MOMENTUM-DK-LMP-JOBBIK-MSZP-MMM,#AAF624,0.430947147,Mi Hazánk,#4C924C,0.039149365,0.016360399,#FFCAD2
szombathely,Szombathely,0.492020258,0.086202494,0.164957229,0.054730391,0.133123377,0.035366217,0.005894369,0.018768353,0.008937311,0.042144,0.522208,0.105952,0.020096,0.081312,0.02288,0.180032,0.002464,0.022912,Fidesz-KDNP,#FFA500,0.438305581,ÉLJEN SZOMBATHELY-MSZP-DK-EGYÜTT,#FF3232,0.418797464,JOBBIK,#A8A8A8,0.069497666,0.073399289,#FFCAD2,Fidesz-KDNP,#FFA500,0.505088188,"Éljen Szombathely! Egyesület-MOMENTUM-DK-MSZP-PÁRBESZÉD-LMP-MKKP-SZOLIRDARITÁS-MMM	",#AAF624,0.450905885,Független,#E5A3AD,0.044005927,0,#FFCAD2
tapolca,Tapolca,0.432444288,0.061852957,0.091331813,0.039568345,0.321108966,0.029478856,0.003948061,0.014300755,0.005965959,0.188285229,0.498302207,0.057555178,0.03565365,0.058913413,0.013242784,0.129202037,0.002037351,0.016808149,JOBBIK,#A8A8A8,0.393426094,Fidesz-KDNP,#FFA500,0.363984674,MSZP,#FF3232,0.242589232,0,#FFCAD2,Egységben Tapolczáért Egyesület,#F2A175,0.460713241,Fidesz-KDNP-Szeretem a Városom Egyesület,#FFA500,0.438035528,Független,#E5A3AD,0.101400209,0,#FFCAD2
tata,Tata,0.44498394,0.094270561,0.141032345,0.059610069,0.189138717,0.035108688,0.006125345,0.018077239,0.011653096,0.046231588,0.503171702,0.136329427,0.027308892,0.059993549,0.022900763,0.176325126,0.004300613,0.02343834,Fidesz-KDNP,#FFA500,0.577436772,MSZP-DK,#FF3232,0.277635692,JOBBIK,#A8A8A8,0.144927536,0,#FFCAD2,Fidesz-KDNP,#FFA500,0.588248539,DK-JOBBIK-MSZP-MOMENTUM,#AAF624,0.411751461,N/A,#FFFFFF,0,0,#FFCAD2
tatabanya,Tatabánya,0.38617077,0.082006286,0.156155055,0.072079623,0.231796752,0.030120482,0.005055003,0.023022525,0.013593504,0.069655579,0.436266279,0.087943005,0.032037029,0.072287516,0.024640378,0.245360076,0.005218496,0.026591641,Fidesz-KDNP,#FFA500,0.546276045,MSZP-DK-PM-EGYÜTT,#FF3232,0.327500863,JOBBIK,#A8A8A8,0.088925981,0.037297111,#FFCAD2,Fidesz-KDNP,#FFA500,0.53805387,DK-JOBBIK-LMP-MSZP-MOMENTUM-PÁRBESZÉD,#AAF624,0.436552489,Mi Hazánk,#4C924C,0.025393642,0,#FFCAD2
tiszafoldvar,Tiszaföldvár,0.473034826,0.040995025,0.118606965,0.030447761,0.297313433,0.009751244,0.001791045,0.012537313,0.015522388,0.112135177,0.52688172,0.043778802,0.058371736,0.079493088,0.016513057,0.143625192,0.005376344,0.013824885,Független,#E5A3AD,0.532010243,Fidesz-KDNP,#FFA500,0.334507042,JOBBIK,#A8A8A8,0.133482714,0,#FFCAD2,Független,#E5A3AD,0.487891153,Fidesz-KDNP,#FFA500,0.406232798,Földvári Patrióták,#A8A8A8,0.106122275,0,#FFCAD2
tiszafured,Tiszafüred,0.465476407,0.044270359,0.128620878,0.057387502,0.264164693,0.015303334,0.003279286,0.010566588,0.010930953,0.090695627,0.510713237,0.065453478,0.037569709,0.062811858,0.017023775,0.189022601,0.009098914,0.017610801,Fidesz-KDNP,#FFA500,0.51627794,Független,#E5A3AD,0.2228,JOBBIK,#A8A8A8,0.168853256,0.0921,#FFCAD2,Fidesz-KDNP,#FFA500,0.55411329,Mindenki Magyarországa,#1D52E2,0.356953632,Együtt Egymásért Jövőnkért,#F2A175,0.088933078,0,#FFCAD2
tiszakecske,Tiszakécske,0.606635071,0.053994584,0.091909276,0.030467163,0.170616114,0.017264726,0.003723764,0.011679079,0.013710223,0.053405995,0.654768392,0.058583106,0.029155313,0.046866485,0.016621253,0.115258856,0.004632153,0.020708447,FIDESZ,#FFA500,0.63401404,MSZP,#FF3232,0.216975112,JOBBIK,#A8A8A8,0.149010849,0,#FFCAD2,Fidesz-KDNP,#FFA500,1,N/A,#FFFFFF,0,N/A,#FFFFFF,0,0,#FFCAD2
tiszaujvaros,Tiszaújváros,0.329069564,0.07192921,0.214035395,0.04678465,0.265901524,0.038461538,0.005344314,0.018048011,0.010425793,0.093783494,0.369060379,0.091818507,0.030903894,0.156127188,0.021614862,0.209003215,0.006252233,0.021436227,MSZP,#FF3232,0.719449511,Fidesz-KDNP,#FFA500,0.257834522,MUNKÁSPÁRT,#F2A175,0.022715968,0,#FFCAD2,Tiszaújvárosi Lokálpatrióták-MSZP,#FF3232,0.589465748,Fidesz-KDNP-Városért Egyesület,#FFA500,0.337243261,Független,#E5A3AD,0.073290991,0,#FFCAD2
tiszavasvari,Tiszavasvári,0.460246914,0.036872428,0.101069959,0.043292181,0.306831276,0.020082305,0.003621399,0.014156379,0.01382716,0.104305215,0.453622681,0.079453973,0.042352118,0.070353518,0.02100105,0.198459923,0.008750438,0.021701085,JOBBIK,#A8A8A8,0.52102523,Dr. Hosszú József,#E5A3AD,0.4636,Takács Zoltán Attila,#E5A3AD,0.0154,0,#FFCAD2,KÖTE,#F2A175,0.538473751,Fidesz-KDNP,#FFA500,0.461526249,N/A,#FFFFFF,0,0,#FFCAD2
tokol,Tököl,0.422282609,0.071376812,0.127536232,0.060688406,0.239311594,0.038224638,0.007608696,0.020652174,0.012318841,0.073247406,0.502357749,0.10028293,0.029236089,0.061301478,0.024834958,0.176045269,0.003458032,0.029236089,Fidesz-KDNP,#FFA500,0.575409836,Eperjesiné Farkas Mária Zsuzsanna,#E5A3AD,0.2508,Seres Csaba,#E5A3AD,0.1348,0.0389,#FFCAD2,Fidesz-KDNP,#FFA500,0.576350222,Civil Kontroll,#F2A175,0.3965865,Független,#E5A3AD,0.027063278,0,#FFCAD2
tolna,Tolna,0.513675214,0.105641026,0.121709402,0.056068376,0.157094017,0.018119658,0.002222222,0.011965812,0.013504274,0.045454545,0.557876906,0.070581592,0.03190288,0.067193676,0.020045172,0.185206098,0.002540937,0.019198193,Fidesz-KDNP,#FFA500,0.589049523,Független,#E5A3AD,0.410950477,N/A,#FFFFFF,0,0,#FFCAD2,Fidesz-KDNP,#FFA500,0.641618975,Balogh Zoltán,#E5A3AD,0.252629247,Virányi Mihály,#F2A175,0.058750988,0.04700079,#FFCAD2
torokbalint,Törökbálint,0.414443117,0.113367848,0.179344219,0.059869906,0.142041683,0.046462233,0.009823444,0.025089606,0.009557945,0.03686887,0.456411188,0.167816927,0.023428987,0.068289139,0.030512169,0.181620051,0.002361061,0.032691609,Fidesz-KDNP,#FFA500,0.338471419,BPKE,#F2A175,0.16399058,Független,#E5A3AD,0.154142582,0.343395419,#FFCAD2,Fidesz-KDNP,#FFA500,0.508636948,Törökbálint Holnap Egyesület,#F2A175,0.419547952,MSZP-LMP-PÁRBESZÉD-SZOLIDARITÁS,#FF3232,0.0718151,0,#FFCAD2
torokszentmiklos,Törökszentmiklós,0.427556704,0.054725967,0.089192025,0.035596093,0.338041811,0.024215029,0.003955121,0.015739769,0.01097748,0.105588096,0.468101947,0.04923223,0.149596327,0.053823017,0.009181574,0.141681178,0.006807029,0.015988602,JOBBIK,#A8A8A8,0.477223703,Fidesz-KDNP,#FFA500,0.365943408,WAPKE-MSZP-SZOLIDARITÁS-ÉRDEKVÉDŐK,#FF3232,0.156832889,0,#FFCAD2,Fidesz-KDNP,#FFA500,0.441734044,OTTHONUNK SZENTMIKLÓS EGYESÜLET,#F2A175,0.424497182,Fejes Tibor,#E5A3AD,0.083520969,0.050247806,#FFCAD2
ujfeherto,Újfehértó,0.551910828,0.036146497,0.116878981,0.024681529,0.235031847,0.016719745,0.002547771,0.005254777,0.010828025,0.093594424,0.624626618,0.054098905,0.024228344,0.052107534,0.012280119,0.122137405,0.004646532,0.012280119,Független,#E5A3AD,0.5067,Fidesz-KDNP,#FFA500,0.402481903,JOBBIK,#A8A8A8,0.068459152,0.023,#FFCAD2,Fidesz-KDNP,#FFA500,0.499918665,Nagy Sándor,#E5A3AD,0.434416677,Dr. Varga Sándor,#F2A175,0.040885541,0.024779116,#FFCAD2
ullo,Üllő,0.438996579,0.071998697,0.09952761,0.05961883,0.263886626,0.026388663,0.008470435,0.018081121,0.013031438,0.072056738,0.504113475,0.101843972,0.046241135,0.04822695,0.022978723,0.170496454,0.004822695,0.029219858,Független,#E5A3AD,0.726199262,JOBBIK,#A8A8A8,0.154612546,DK-EGYÜTT-MSZP,#0000CE,0.119188192,0,#FFCAD2,Fidesz-KDNP,#FFA500,0.609703627,Üllő Te Vagy,#F2A175,0.390296373,N/A,#FFFFFF,0,0,#FFCAD2
vac,Vác,0.462255271,0.110410392,0.104998117,0.055722892,0.197006777,0.030779367,0.008989081,0.018966491,0.010871611,0.058990867,0.512576733,0.105554724,0.036532415,0.061536158,0.027249588,0.167839497,0.003593352,0.026126666,Fidesz-KDNP,#FFA500,0.40779178,MSZP-DK,#FF3232,0.256815748,Dr. Néveri István,#E5A3AD,0.0914,0.244,#FFCAD2,Fidesz-KDNP,#FFA500,0.517645784,"MOMENTUM-DK-Vácért Lokálpatrióta Egyesület-JOBBIK-LMP-Szavad Egyesület-MMM-MSZP-PÁRBESZÉD	",#AAF624,0.384370163,Dr. Néveri István,#E5A3AD,0.046794787,0.051189267,#FFCAD2
varpalota,Várpalota,0.464057654,0.055373107,0.112297026,0.071428571,0.236818099,0.024265645,0.004287539,0.017241379,0.01423098,0.092528302,0.459773585,0.082113208,0.041509434,0.06309434,0.022490566,0.20709434,0.005735849,0.025660377,Fidesz-KDNP,#FFA500,0.380318285,Huszárné Bacsárdi Valéria,#E5A3AD,0.1945,MSZP,#FF3232,0.101331601,0.3239,#FFCAD2,Fidesz-KDNP,#FFA500,0.492308539,DK-JOBBIK-MSZP-PÁRBESZÉD-MOMENTUM,#AAF624,0.470562957,Mi Hazánk-MIÉP-FKGP,#4C924C,0.037128504,0,#FFCAD2
vecses,Vecsés,0.435823525,0.088638001,0.115221395,0.071502923,0.20626151,0.039714949,0.011530147,0.021298743,0.010008808,0.049428571,0.508571429,0.117857143,0.028857143,0.054714286,0.024428571,0.183142857,0.002714286,0.030285714,Fidesz-KDNP,#FFA500,0.773750477,MSZP-EGYÜTT-DK-PM,#FF3232,0.127813812,JOBBIK,#A8A8A8,0.072682182,0.025753529,#FFCAD2,Fidesz-KDNP,#FFA500,0.664953593,Momentum-LMP,#D03EEC,0.165844626,MSZP,#FF3232,0.136482239,0.032719542,#FFCAD2
veresegyhaz,Veresegyház,0.422158923,0.101267066,0.107258619,0.094391514,0.167567037,0.058540418,0.008348885,0.024948433,0.015519104,0.039025098,0.451182359,0.158566662,0.030030466,0.05077615,0.028289569,0.200203105,0.003336718,0.038589874,Független,#E5A3AD,0.874158816,Fidesz-KDNP,#FFA500,0.125841184,N/A,#FFFFFF,0,0,#FFCAD2,Pásztor Béla,#E5A3AD,0.652326548,Fidesz-KDNP,#FFA500,0.318491528,Veres Károly,#E5A3AD,0.029181925,0,#FFCAD2
veszprem,Veszprém,0.436400888,0.100563428,0.145723066,0.057481077,0.177622218,0.042285584,0.007370098,0.022024927,0.010528712,0.051755846,0.46698485,0.126499693,0.028636483,0.072116648,0.032314563,0.18639986,0.00341536,0.031876697,Fidesz-KDNP,#FFA500,0.53885185,MSZP-DK-EGYÜTT-PM-MLP-LOKÁLPATRIÓTÁK-VP,#FF3232,0.317835861,JOBBIK,#A8A8A8,0.073101658,0.070210632,#FFCAD2,Fidesz-KDNP,#FFA500,0.562224363,DK-JOBBIK-LMP-MSZP-MOMENTUM-PÁRBESZÉD,#AAF624,0.437775637,N/A,#FFFFFF,0,0,#FFCAD2
zalaegerszeg,Zalaegerszeg,0.478951984,0.088604473,0.12705547,0.053798509,0.183402763,0.03483337,0.004302784,0.016443762,0.012606884,0.055665113,0.535631051,0.091654715,0.036348153,0.060460739,0.025501972,0.169146648,0.003630333,0.021961276,Fidesz-KDNP,#FFA500,0.635657525,JOBBIK,#A8A8A8,0.111250523,MSZP,#FF3232,0.105634224,0.147457728,#FFCAD2,Fidesz-KDNP,#FFA500,0.599708724,Tiéd a Város Egyesület-DK-JOBBIK-LMP-MSZP-MOMENTUM,#AAF624,0.346250366,Mi Hazánk,#4C924C,0.027258129,0.026782781,#FFCAD2
